COOKING OIL,,,,,,,,,,,,,,,,,,,,,,,,,,,,,,,,,,,,,,,
WASHING BAR,DISHWASH BAR,WASHING BAR,,,,,,,,,,,,,,,,,,,,,,,,,,,,,,,,,,,,,
BISCUIT,BISCUIT,,,,,,,,,,,,,,,,,,,,,,,,,,,,,,,,,,,,,,
DISHWASH BAR,SALT,PAPAD,,,,,,,,,,,,,,,,,,,,,,,,,,,,,,,,,,,,,
SHAMOO+CONDIONER,,,,,,,,,,,,,,,,,,,,,,,,,,,,,,,,,,,,,,,
COOKING OIL,GOOD KNIGHT LIQUID,WASHING BAR,,,,,,,,,,,,,,,,,,,,,,,,,,,,,,,,,,,,,
BISCUIT,BISCUIT,BISCUIT,BISCUIT,WASHING BAR,DETERGENT POWDER,,,,,,,,,,,,,,,,,,,,,,,,,,,,,,,,,,
BATHING SOAP,WASHING BAR,,,,,,,,,,,,,,,,,,,,,,,,,,,,,,,,,,,,,,
TOOTH BRUSH,TOOTH BRUSH,,,,,,,,,,,,,,,,,,,,,,,,,,,,,,,,,,,,,,
SHAMPOO,SHAMPOO,,,,,,,,,,,,,,,,,,,,,,,,,,,,,,,,,,,,,,
BISCUIT,BISCUIT,BISCUIT,,,,,,,,,,,,,,,,,,,,,,,,,,,,,,,,,,,,,
BISCUIT,BISCUIT,SALT,SLICE CAKE,TEA POWDER,NOODLES,HAIR OIL,WASHING BAR,DISHWASH BAR,COFFEE,BISCUIT,FACE WASH,,,,,,,,,,,,,,,,,,,,,,,,,,,,
CHOCOLATE,BATHING SOAP,CHOCOLATE,BISCUIT,,,,,,,,,,,,,,,,,,,,,,,,,,,,,,,,,,,,
SHAMPOO,BISCUIT,SHAMPOO,DISHWASH BAR,BATHING SOAP,,,,,,,,,,,,,,,,,,,,,,,,,,,,,,,,,,,
BISCUIT,BISCUIT,BATHING SOAP,,,,,,,,,,,,,,,,,,,,,,,,,,,,,,,,,,,,,
DETERGENT POWDER,DISHWASH BAR,HAIR OIL,TOOTH PASTE,BATHING SOAP,SLICE CAKE,FACE CREAM,TEA POWDER,BISCUIT,PAPAD,,,,,,,,,,,,,,,,,,,,,,,,,,,,,,
WASHING BAR,BISCUIT,DISHWASH BAR,SALT,,,,,,,,,,,,,,,,,,,,,,,,,,,,,,,,,,,,
WASHING BAR,DETERGENT POWDER,,,,,,,,,,,,,,,,,,,,,,,,,,,,,,,,,,,,,,
DETERGENT POWDER,DISHWASH BAR,BATHING SOAP,HAIR OIL,DETERGENT POWDER,TEA POWDER,DISHWASH LIQUID,HAIR OIL,DISHWASH BAR,CHOCOLATE,CHOCOLATE,CHOCOLATE,TOOTH PASTE,SALT,PAPAD,DISHWASH LIQUID,TOOTH PASTE,BOURNVITA,DETERGENT POWDER,SUGAR,TEA POWDER,CHOCOLATE,DETERGENT POWDER,DETERGENT POWDER,DISHWASH BAR,BATHING SOAP,HAIR OIL,DETERGENT POWDER,TEA POWDER,,,,,,,,,,,
GOOD KNIGHT LIQUID,,,,,,,,,,,,,,,,,,,,,,,,,,,,,,,,,,,,,,,
BATHING SOAP,DISHWASH BAR,BATHING SOAP,SALT,DISHWASH LIQUID,COOKING OIL,BISCUIT,SALT,BATHING SOAP,BATHING SOAP,TOOTH BRUSH,BISCUIT,TOOTH PASTE,SHAMPOO,,,,,,,,,,,,,,,,,,,,,,,,,,
TOOTH PASTE,,,,,,,,,,,,,,,,,,,,,,,,,,,,,,,,,,,,,,,
DETERGENT POWDER,WASHING BAR,,,,,,,,,,,,,,,,,,,,,,,,,,,,,,,,,,,,,,
BISCUIT,BISCUIT,,,,,,,,,,,,,,,,,,,,,,,,,,,,,,,,,,,,,,
BATHING SOAP,BISCUIT,SANDWICH CAKE,TOOTH BRUSH,WASHING BAR,TEA POWDER,,,,,,,,,,,,,,,,,,,,,,,,,,,,,,,,,,
WASHING BAR,WASHING BAR,SALT,TOOTH POWDER,PAPAD,SHAMPOO,,,,,,,,,,,,,,,,,,,,,,,,,,,,,,,,,,
BISCUIT,TEA POWDER,WASHING BAR,,,,,,,,,,,,,,,,,,,,,,,,,,,,,,,,,,,,,
CHOCOLATE,COFFEE,HAND WASH,DETERGENT POWDER,TOOTH BRUSH,DISHWASH BAR,WASHING BAR,WASHING BAR,WASHING BAR,COOKING OIL,DETERGENT POWDER,PAPAD,BATHING SOAP,BISCUIT,,,,,,,,,,,,,,,,,,,,,,,,,,
CHOCOLATE,COOKING OIL,COOKING OIL,,,,,,,,,,,,,,,,,,,,,,,,,,,,,,,,,,,,,
COOKING OIL,DETERGENT POWDER,DISHWASH BAR,COOKING OIL,TOOTH BRUSH,DETERGENT POWDER,,,,,,,,,,,,,,,,,,,,,,,,,,,,,,,,,,
WASHING BAR,COOKING OIL,TEA POWDER,,,,,,,,,,,,,,,,,,,,,,,,,,,,,,,,,,,,,
DETERGENT POWDER,,,,,,,,,,,,,,,,,,,,,,,,,,,,,,,,,,,,,,,
COOKING OIL,,,,,,,,,,,,,,,,,,,,,,,,,,,,,,,,,,,,,,,
BISCUIT,BISCUIT,DISHWASH BAR,DETERGENT POWDER,WASHING BAR,COFFEE,COFFEE,DISHWASH BAR,BATHING SOAP,,,,,,,,,,,,,,,,,,,,,,,,,,,,,,,
FACE WASH,,,,,,,,,,,,,,,,,,,,,,,,,,,,,,,,,,,,,,,
DISHWASH BAR,TEA POWDER,TEA POWDER,SALT,SUGAR,TOOTH PASTE,DETERGENT POWDER,BATHING SOAP,GOOD KNIGHT LIQUID,WASHING BAR,TOOTH BRUSH,DETERGENT POWDER,,,,,,,,,,,,,,,,,,,,,,,,,,,,
WASHING BAR,DETERGENT POWDER,BATHING SOAP,TOOTH PASTE,CHOCOLATE,BISCUIT,BISCUIT,BATHING SOAP,BISCUIT,COOKING OIL,WASHING BAR,DISHWASH BAR,NOODLES,,,,,,,,,,,,,,,,,,,,,,,,,,,
JAM,DETERGENT POWDER,,,,,,,,,,,,,,,,,,,,,,,,,,,,,,,,,,,,,,
COOKING OIL,,,,,,,,,,,,,,,,,,,,,,,,,,,,,,,,,,,,,,,
DISHWASH BAR,WASHING BAR,WASHING BAR,,,,,,,,,,,,,,,,,,,,,,,,,,,,,,,,,,,,,
TOOTH PASTE,BATHING SOAP,TOOTH BRUSH,TOOTH PASTE,WASHING BAR,PAPAD,CHOCOLATE,BISCUIT,SALT,TEA POWDER,SUGAR,,,,,,,,,,,,,,,,,,,,,,,,,,,,,
SALT,,,,,,,,,,,,,,,,,,,,,,,,,,,,,,,,,,,,,,,
TEA POWDER,,,,,,,,,,,,,,,,,,,,,,,,,,,,,,,,,,,,,,,
WASHING BAR,WASHING BAR,BATHING SOAP,SALT,WASHING BAR,WASHING BAR,,,,,,,,,,,,,,,,,,,,,,,,,,,,,,,,,,
WASHING BAR,TOOTH PASTE,BATHING SOAP,,,,,,,,,,,,,,,,,,,,,,,,,,,,,,,,,,,,,
BISCUIT,BISCUIT,,,,,,,,,,,,,,,,,,,,,,,,,,,,,,,,,,,,,,
BISCUIT,TOOTH PASTE,SALT,BISCUIT,PAPAD,CHOCOLATE,,,,,,,,,,,,,,,,,,,,,,,,,,,,,,,,,,
CHOCOLATE,KETCHUP,NOODLES,DETERGENT POWDER,BISCUIT,TOOTH BRUSH,BATHING SOAP,WASHING BAR,TEA POWDER,HAIR OIL,DISHWASH BAR,DETERGENT POWDER,SUGAR,DISHWASH BAR,SALT,,,,,,,,,,,,,,,,,,,,,,,,,
SHAMPOO,,,,,,,,,,,,,,,,,,,,,,,,,,,,,,,,,,,,,,,
TEA POWDER,TEA POWDER,,,,,,,,,,,,,,,,,,,,,,,,,,,,,,,,,,,,,,
CHOCOLATE,,,,,,,,,,,,,,,,,,,,,,,,,,,,,,,,,,,,,,,
DISHWASH BAR,DISHWASH BAR,WASHING BAR,,,,,,,,,,,,,,,,,,,,,,,,,,,,,,,,,,,,,
COOKING OIL,BISCUIT,,,,,,,,,,,,,,,,,,,,,,,,,,,,,,,,,,,,,,
COFFEE,,,,,,,,,,,,,,,,,,,,,,,,,,,,,,,,,,,,,,,
BATHING SOAP,DISHWASH BAR,NOODLES,DETERGENT POWDER,,,,,,,,,,,,,,,,,,,,,,,,,,,,,,,,,,,,
BATHING SOAP,,,,,,,,,,,,,,,,,,,,,,,,,,,,,,,,,,,,,,,
WASHING BAR,WASHING BAR,,,,,,,,,,,,,,,,,,,,,,,,,,,,,,,,,,,,,,
BISCUIT,,,,,,,,,,,,,,,,,,,,,,,,,,,,,,,,,,,,,,,
PAPAD,WASHING BAR,,,,,,,,,,,,,,,,,,,,,,,,,,,,,,,,,,,,,,
WASHING BAR,BATHING SOAP,DISHWASH BAR,BATHING SOAP,TEA POWDER,TOOTH PASTE,COFFEE,CHOCOLATE,CHOCOLATE,SALT,DETERGENT POWDER,,,,,,,,,,,,,,,,,,,,,,,,,,,,,
TOOTH PASTE,,,,,,,,,,,,,,,,,,,,,,,,,,,,,,,,,,,,,,,
JAM,,,,,,,,,,,,,,,,,,,,,,,,,,,,,,,,,,,,,,,
COOKING OIL,WASHING BAR,WASHING BAR,DISHWASH BAR,,,,,,,,,,,,,,,,,,,,,,,,,,,,,,,,,,,,
DETERGENT POWDER,BATHING SOAP,,,,,,,,,,,,,,,,,,,,,,,,,,,,,,,,,,,,,,
BISCUIT,BISCUIT,BISCUIT,BISCUIT,BISCUIT,,,,,,,,,,,,,,,,,,,,,,,,,,,,,,,,,,,
WASHING BAR,DISHWASH LIQUID,DISHWASH BAR,BATHING SOAP,DETERGENT POWDER,SHAMPOO,NOODLES,KETCHUP,CHOCOLATE,TOOTH BRUSH,GOOD KNIGHT LIQUID,SALT,KETCHUP,NOODLES,TOOTH PASTE,,,,,,,,,,,,,,,,,,,,,,,,,
BISCUIT,,,,,,,,,,,,,,,,,,,,,,,,,,,,,,,,,,,,,,,
BISCUIT,,,,,,,,,,,,,,,,,,,,,,,,,,,,,,,,,,,,,,,
SALT,DISHWASH BAR,BATHING SOAP,WASHING BAR,DETERGENT POWDER,FACE CREAM,BATHING SOAP,,,,,,,,,,,,,,,,,,,,,,,,,,,,,,,,,
NOODLES,BISCUIT,BISCUIT,SALT,BISCUIT,BISCUIT,,,,,,,,,,,,,,,,,,,,,,,,,,,,,,,,,,
COFFEE,BISCUIT,TEA POWDER,WASHING BAR,COOKING OIL,,,,,,,,,,,,,,,,,,,,,,,,,,,,,,,,,,,
DETERGENT POWDER,BATHING SOAP,,,,,,,,,,,,,,,,,,,,,,,,,,,,,,,,,,,,,,
TEA POWDER,BISCUIT,COFFEE,DISHWASH BAR,SHAMPOO,SHAMPOO,PAPAD,,,,,,,,,,,,,,,,,,,,,,,,,,,,,,,,,
TEA POWDER,BISCUIT,BISCUIT,WASHING LIQUID,,,,,,,,,,,,,,,,,,,,,,,,,,,,,,,,,,,,
BISCUIT,BISCUIT,CHOCOLATE,,,,,,,,,,,,,,,,,,,,,,,,,,,,,,,,,,,,,
BISCUIT,,,,,,,,,,,,,,,,,,,,,,,,,,,,,,,,,,,,,,,
SALT,BISCUIT,TOOTH BRUSH,NOODLES,COFFEE,TOOTH PASTE,BATHING SOAP,DETERGENT POWDER,WASHING BAR,DETERGENT POWDER,,,,,,,,,,,,,,,,,,,,,,,,,,,,,,
COOKING OIL,SUGAR,SALT,TOOTH PASTE,TEA POWDER,PAPAD,HAIR OIL,HAIR OIL,HAIR OIL,SHAMPOO,WASHING POWDER,BISCUIT,PAPAD,NOODLES,NOODLES,WASHING BAR,CHOCOLATE,HAND WASH,,,,,,,,,,,,,,,,,,,,,,
HAIR OIL,SALT,DISHWASH BAR,NOODLES,SALT,BATHING SOAP,TOOTH PASTE,,,,,,,,,,,,,,,,,,,,,,,,,,,,,,,,,
BISCUIT,,,,,,,,,,,,,,,,,,,,,,,,,,,,,,,,,,,,,,,
WASHING BAR,COFFEE,BISCUIT,TOOTH PASTE,BATHING SOAP,BATHING SOAP,BISCUIT,NOODLES,NOODLES,BISCUIT,,,,,,,,,,,,,,,,,,,,,,,,,,,,,,
SALT,BISCUIT,TOOTH PASTE,TOOTH BRUSH,,,,,,,,,,,,,,,,,,,,,,,,,,,,,,,,,,,,
CHOCOLATE,NOODLES,NOODLES,,,,,,,,,,,,,,,,,,,,,,,,,,,,,,,,,,,,,
BISCUIT,BISCUIT,BISCUIT,BISCUIT,BISCUIT,BISCUIT,WASHING BAR,,,,,,,,,,,,,,,,,,,,,,,,,,,,,,,,,
DISHWASH BAR,COOKING OIL,WASHING BAR,DETERGENT POWDER,DETERGENT POWDER,BISCUIT,BISCUIT,BISCUIT,,,,,,,,,,,,,,,,,,,,,,,,,,,,,,,,
BISCUIT,BISCUIT,DETERGENT POWDER,DISHWASH BAR,SLICE CAKE,,,,,,,,,,,,,,,,,,,,,,,,,,,,,,,,,,,
DISHWASH BAR,SHAMPOO,,,,,,,,,,,,,,,,,,,,,,,,,,,,,,,,,,,,,,
PAPAD,TOOTH PASTE,DETERGENT POWDER,DETERGENT POWDER,,,,,,,,,,,,,,,,,,,,,,,,,,,,,,,,,,,,
TOOTH BRUSH,BATHING SOAP,DISHWASH BAR,TOOTH BRUSH,,,,,,,,,,,,,,,,,,,,,,,,,,,,,,,,,,,,
PAPAD,TOOTH BRUSH,BATHING SOAP,BATHING SOAP,SALT,BATHING SOAP,DETERGENT POWDER,DISHWASH BAR,WASHING BAR,,,,,,,,,,,,,,,,,,,,,,,,,,,,,,,
TOOTH PASTE,,,,,,,,,,,,,,,,,,,,,,,,,,,,,,,,,,,,,,,
BISCUIT,COOKING OIL,BOURNVITA,DISHWASH LIQUID,TOOTH PASTE,SHAMPOO,WASHING BAR,DETERGENT POWDER,COOKING OIL,BISCUIT,BISCUIT,,,,,,,,,,,,,,,,,,,,,,,,,,,,,
BISCUIT,CHOCOLATE,,,,,,,,,,,,,,,,,,,,,,,,,,,,,,,,,,,,,,
BISCUIT,COFFEE,,,,,,,,,,,,,,,,,,,,,,,,,,,,,,,,,,,,,,
WASHING BAR,WASHING BAR,DISHWASH BAR,,,,,,,,,,,,,,,,,,,,,,,,,,,,,,,,,,,,,
COOKING OIL,,,,,,,,,,,,,,,,,,,,,,,,,,,,,,,,,,,,,,,
DISHWASH BAR,DETERGENT POWDER,,,,,,,,,,,,,,,,,,,,,,,,,,,,,,,,,,,,,,
TOOTH PASTE,BISCUIT,BISCUIT,,,,,,,,,,,,,,,,,,,,,,,,,,,,,,,,,,,,,
COOKING OIL,SUGAR,TEA POWDER,SALT,GOOD KNIGHT LIQUID,BATHING SOAP,DISHWASH BAR,,,,,,,,,,,,,,,,,,,,,,,,,,,,,,,,,
WASHING BAR,,,,,,,,,,,,,,,,,,,,,,,,,,,,,,,,,,,,,,,
DETERGENT POWDER,,,,,,,,,,,,,,,,,,,,,,,,,,,,,,,,,,,,,,,
TEA POWDER,BATHING SOAP,BATHING SOAP,TOOTH PASTE,BATHING SOAP,BATHING SOAP,FACE CREAM,,,,,,,,,,,,,,,,,,,,,,,,,,,,,,,,,
TOOTH PASTE,DETERGENT POWDER,DETERGENT POWDER,,,,,,,,,,,,,,,,,,,,,,,,,,,,,,,,,,,,,
DISHWASH BAR,WASHING BAR,WASHING BAR,BATHING SOAP,BATHING SOAP,DETERGENT POWDER,,,,,,,,,,,,,,,,,,,,,,,,,,,,,,,,,,
HAND WASH,WASHING BAR,COOKING OIL,COOKING OIL,SHAMPOO,,,,,,,,,,,,,,,,,,,,,,,,,,,,,,,,,,,
SALT,,,,,,,,,,,,,,,,,,,,,,,,,,,,,,,,,,,,,,,
TEA POWDER,COOKING OIL,,,,,,,,,,,,,,,,,,,,,,,,,,,,,,,,,,,,,,
DISHWASH BAR,HAIR OIL,DISHWASH BAR,DETERGENT POWDER,BATHING SOAP,TOOTH PASTE,TOOTH PASTE,WASHING BAR,BATHING SOAP,COOKING OIL,BISCUIT,BISCUIT,BISCUIT,BISCUIT,BISCUIT,TEA POWDER,NOODLES,TEA POWDER,KETCHUP,DETERGENT POWDER,,,,,,,,,,,,,,,,,,,,
CHOCOLATE,TOOTH PASTE,CHOCOLATE,,,,,,,,,,,,,,,,,,,,,,,,,,,,,,,,,,,,,
WASHING BAR,DETERGENT POWDER,DETERGENT POWDER,TOOTH PASTE,WASHING BAR,BATHING SOAP,BATHING SOAP,TEA POWDER,KETCHUP,PAPAD,TOOTH BRUSH,SALT,TOOTH BRUSH,BISCUIT,BISCUIT,BISCUIT,BISCUIT,BATHING SOAP,BISCUIT,TOOTH PASTE,WASHING BAR,DETERGENT POWDER,,,,,,,,,,,,,,,,,,
TEA POWDER,,,,,,,,,,,,,,,,,,,,,,,,,,,,,,,,,,,,,,,
SALT,,,,,,,,,,,,,,,,,,,,,,,,,,,,,,,,,,,,,,,
COOKING OIL,SALT,BISCUIT,HAND WASH,BISCUIT,BISCUIT,PAPAD,BISCUIT,DETERGENT POWDER,DISHWASH BAR,DETERGENT POWDER,BISCUIT,WASHING BAR,SALT,BISCUIT,BISCUIT,NOODLES,CHOCOLATE,CHOCOLATE,CHOCOLATE,BISCUIT,DETERGENT POWDER,TOOTH PASTE,WASHING BAR,HAIR OIL,DISHWASH BAR,SHAMPOO,DISHWASH BAR,TOOTH PASTE,BATHING SOAP,COOKING OIL,KETCHUP,SHAMOO+CONDIONER,NOODLES,TEA POWDER,SUGAR,HAND WASH,,,
BISCUIT,BISCUIT,BISCUIT,BISCUIT,BISCUIT,TEA POWDER,DISHWASH BAR,BATHING SOAP,DETERGENT POWDER,WASHING BAR,,,,,,,,,,,,,,,,,,,,,,,,,,,,,,
COFFEE,BISCUIT,,,,,,,,,,,,,,,,,,,,,,,,,,,,,,,,,,,,,,
CHOCOLATE,BISCUIT,,,,,,,,,,,,,,,,,,,,,,,,,,,,,,,,,,,,,,
BATHING SOAP,CHOCOLATE,DETERGENT POWDER,CHOCOLATE,CHOCOLATE,CHOCOLATE,SLICE CAKE,,,,,,,,,,,,,,,,,,,,,,,,,,,,,,,,,
BISCUIT,BISCUIT,BISCUIT,TEA POWDER,KETCHUP,BISCUIT,BISCUIT,SUGAR,TOOTH BRUSH,SALT,TEA POWDER,DETERGENT POWDER,CHOCOLATE,DISHWASH BAR,WASHING BAR,WASHING BAR,BATHING SOAP,BATHING SOAP,WASHING BAR,SHAMPOO,BISCUIT,BISCUIT,BISCUIT,,,,,,,,,,,,,,,,,
BATHING SOAP,DETERGENT POWDER,SUGAR,SALT,FACE CREAM,DETERGENT POWDER,DETERGENT POWDER,,,,,,,,,,,,,,,,,,,,,,,,,,,,,,,,,
DETERGENT POWDER,DISHWASH BAR,TEA POWDER,TOOTH BRUSH,DETERGENT POWDER,COOKING OIL,SALT,,,,,,,,,,,,,,,,,,,,,,,,,,,,,,,,,
DETERGENT POWDER,,,,,,,,,,,,,,,,,,,,,,,,,,,,,,,,,,,,,,,
BISCUIT,TOOTH PASTE,,,,,,,,,,,,,,,,,,,,,,,,,,,,,,,,,,,,,,
WASHING BAR,TOOTH PASTE,,,,,,,,,,,,,,,,,,,,,,,,,,,,,,,,,,,,,,
TOOTH PASTE,,,,,,,,,,,,,,,,,,,,,,,,,,,,,,,,,,,,,,,
SHAMPOO,SHAMOO,SALT,WASHING BAR,DETERGENT POWDER,CHOCOLATE,CHOCOLATE,NOODLES,BISCUIT,NOODLES,,,,,,,,,,,,,,,,,,,,,,,,,,,,,,
  ,,,,,,,,,,,,,,,,,,,,,,,,,,,,,,,,,,,,,,,
DISHWASH BAR,,,,,,,,,,,,,,,,,,,,,,,,,,,,,,,,,,,,,,,
COOKING OIL,BISCUIT,NOODLES,CHOCOLATE,,,,,,,,,,,,,,,,,,,,,,,,,,,,,,,,,,,,
BISCUIT,,,,,,,,,,,,,,,,,,,,,,,,,,,,,,,,,,,,,,,
BISCUIT,WASHING BAR,HAIR OIL,,,,,,,,,,,,,,,,,,,,,,,,,,,,,,,,,,,,,
BATHING SOAP,,,,,,,,,,,,,,,,,,,,,,,,,,,,,,,,,,,,,,,
BISCUIT,BISCUIT,PAPAD,DETERGENT LIQUID,BATHING SOAP,TOOTH PASTE,DISHWASH BAR,BISCUIT,BISCUIT,BISCUIT,TOOTH PASTE,DETERGENT POWDER,DETERGENT POWDER,BATHING SOAP,,,,,,,,,,,,,,,,,,,,,,,,,,
CHOCOLATE,,,,,,,,,,,,,,,,,,,,,,,,,,,,,,,,,,,,,,,
DETERGENT POWDER,WASHING BAR,BATHING SOAP,DISHWASH BAR,BATHING SOAP,TOOTH PASTE,PAPAD,DISHWASH LIQUID,JAM,SALT,,,,,,,,,,,,,,,,,,,,,,,,,,,,,,
SALT,,,,,,,,,,,,,,,,,,,,,,,,,,,,,,,,,,,,,,,
SALT,DETERGENT POWDER,BISCUIT,BISCUIT,BOURNVITA,BISCUIT,BISCUIT,BISCUIT,BISCUIT,COFFEE,BATHING SOAP,HAND WASH,GOOD KNIGHT LIQUID,TOOTH PASTE,DISHWASH BAR,TOOTH PASTE,WASHING LIQUID,TOOTH PASTE,WASHING LIQUID,DISHWASH LIQUID,DISHWASH BAR,WASHING BAR,,,,,,,,,,,,,,,,,,
BATHING SOAP,COOKING OIL,BISCUIT,BISCUIT,DETERGENT POWDER,WASHING BAR,WASHING BAR,SHAMPOO,TEA POWDER,,,,,,,,,,,,,,,,,,,,,,,,,,,,,,,
COOKING OIL,,,,,,,,,,,,,,,,,,,,,,,,,,,,,,,,,,,,,,,
TEA POWDER,TEA POWDER,BISCUIT,BISCUIT,BISCUIT,TEA POWDER,DETERGENT POWDER,DISHWASH BAR,SALT,WASHING BAR,,,,,,,,,,,,,,,,,,,,,,,,,,,,,,
BISCUIT,SALT,DISHWASH BAR,NOODLES,TEA POWDER,DISHWASH BAR,BATHING SOAP,COFFEE,DETERGENT POWDER,BISCUIT,HAIR OIL,DETERGENT POWDER,DISHWASH BAR,WASHING BAR,,,,,,,,,,,,,,,,,,,,,,,,,,
TOOTH PASTE,BISCUIT,COFFEE,,,,,,,,,,,,,,,,,,,,,,,,,,,,,,,,,,,,,
TOOTH PASTE,,,,,,,,,,,,,,,,,,,,,,,,,,,,,,,,,,,,,,,
DETERGENT POWDER,DETERGENT POWDER,CHOCOLATE,WASHING BAR,NOODLES,WASHING BAR,BATHING SOAP,SALT,SALT,BATHING SOAP,PAPAD,DISHWASH BAR,DETERGENT POWDER,BISCUIT,,,,,,,,,,,,,,,,,,,,,,,,,,
DETERGENT POWDER,,,,,,,,,,,,,,,,,,,,,,,,,,,,,,,,,,,,,,,
DISHWASH BAR,TOOTH PASTE,SALT,WASHING BAR,DETERGENT POWDER,BATHING SOAP,BATHING SOAP,TEA POWDER,PAPAD,,,,,,,,,,,,,,,,,,,,,,,,,,,,,,,
CHOCOLATE,,,,,,,,,,,,,,,,,,,,,,,,,,,,,,,,,,,,,,,
DETERGENT POWDER,BISCUIT,BISCUIT,SALT,WASHING BAR,BATHING SOAP,TEA POWDER,TEA POWDER,DETERGENT POWDER,WASHING BAR,TOOTH PASTE,,,,,,,,,,,,,,,,,,,,,,,,,,,,,
BATHING SOAP,SUGAR,WASHING BAR,NOODLES,DISHWASH BAR,BISCUIT,GOOD KNIGHT LIQUID,BISCUIT,DETERGENT POWDER,TEA POWDER,FACE CREAM,GOOD KNIGHT LIQUID,BATHING SOAP,COFFEE,SHAMOO,BATHING SOAP,BATHING SOAP,,,,,,,,,,,,,,,,,,,,,,,
BISCUIT,,,,,,,,,,,,,,,,,,,,,,,,,,,,,,,,,,,,,,,
COFFEE,BISCUIT,,,,,,,,,,,,,,,,,,,,,,,,,,,,,,,,,,,,,,
WASHING BAR,DETERGENT POWDER,BATHING SOAP,,,,,,,,,,,,,,,,,,,,,,,,,,,,,,,,,,,,,
BISCUIT,CHOCOLATE,TEA POWDER,NOODLES,PAPAD,TOOTH PASTE,BATHING SOAP,BATHING SOAP,DISHWASH BAR,TOOTH PASTE,DETERGENT POWDER,DISHWASH LIQUID,DETERGENT POWDER,,,,,,,,,,,,,,,,,,,,,,,,,,,
BISCUIT,,,,,,,,,,,,,,,,,,,,,,,,,,,,,,,,,,,,,,,
BISCUIT,,,,,,,,,,,,,,,,,,,,,,,,,,,,,,,,,,,,,,,
WASHING BAR,TOOTH PASTE,BATHING SOAP,HAIR OIL,TOOTH PASTE,,,,,,,,,,,,,,,,,,,,,,,,,,,,,,,,,,,
HAND WASH,,,,,,,,,,,,,,,,,,,,,,,,,,,,,,,,,,,,,,,
DETERGENT POWDER,,,,,,,,,,,,,,,,,,,,,,,,,,,,,,,,,,,,,,,
CHOCOLATE,WASHING BAR,CHOCOLATE,BATHING SOAP,WASHING BAR,SALT,BATHING SOAP,DETERGENT POWDER,TOOTH PASTE,BISCUIT,TEA POWDER,TEA POWDER,,,,,,,,,,,,,,,,,,,,,,,,,,,,
CHOCOLATE,,,,,,,,,,,,,,,,,,,,,,,,,,,,,,,,,,,,,,,
DISHWASH BAR,BATHING SOAP,DETERGENT POWDER,SALT,DISHWASH BAR,SHAMPOO,,,,,,,,,,,,,,,,,,,,,,,,,,,,,,,,,,
BATHING SOAP,TEA POWDER,BATHING SOAP,DETERGENT POWDER,SHAMPOO,SHAMPOO,,,,,,,,,,,,,,,,,,,,,,,,,,,,,,,,,,
DETERGENT POWDER,BATHING SOAP,TOOTH PASTE,BISCUIT,BISCUIT,BATHING SOAP,BATHING SOAP,DETERGENT POWDER,SHAMPOO,SUGAR,,,,,,,,,,,,,,,,,,,,,,,,,,,,,,
CHOCOLATE,CHOCOLATE,CHOCOLATE,CHOCOLATE,CHOCOLATE,CHOCOLATE,DETERGENT POWDER,BATHING SOAP,DISHWASH LIQUID,DISHWASH LIQUID,WASHING BAR,,,,,,,,,,,,,,,,,,,,,,,,,,,,,
COOKING OIL,SALT,TEA POWDER,WASHING BAR,DISHWASH BAR,BATHING SOAP,BATHING SOAP,TOOTH PASTE,DISHWASH BAR,,,,,,,,,,,,,,,,,,,,,,,,,,,,,,,
BISCUIT,SALT,BISCUIT,TOOTH PASTE,TOOTH BRUSH,DISHWASH LIQUID,PAPAD,HAIR OIL,DETERGENT POWDER,BATHING SOAP,CHOCOLATE,DISHWASH BAR,TOOTH BRUSH,BATHING SOAP,DISHWASH BAR,,,,,,,,,,,,,,,,,,,,,,,,,
CHOCOLATE,,,,,,,,,,,,,,,,,,,,,,,,,,,,,,,,,,,,,,,
SHAMOO,CHOCOLATE,CHOCOLATE,BISCUIT,SANDWICH CAKE,COFFEE,BATHING SOAP,PASTA,BATHING SOAP,KETCHUP,BISCUIT,TOOTH BRUSH,CHOCOLATE,CHOCOLATE,GOOD KNIGHT LIQUID,COFFEE,COOKING OIL,DETERGENT POWDER,DETERGENT POWDER,BATHING SOAP,DETERGENT LIQUID,DISHWASH BAR,BATHING SOAP,WASHING BAR,,,,,,,,,,,,,,,,
SALT,,,,,,,,,,,,,,,,,,,,,,,,,,,,,,,,,,,,,,,
HAIR OIL,DETERGENT POWDER,,,,,,,,,,,,,,,,,,,,,,,,,,,,,,,,,,,,,,
DETERGENT POWDER,,,,,,,,,,,,,,,,,,,,,,,,,,,,,,,,,,,,,,,
DISHWASH BAR,,,,,,,,,,,,,,,,,,,,,,,,,,,,,,,,,,,,,,,
TOOTH PASTE,,,,,,,,,,,,,,,,,,,,,,,,,,,,,,,,,,,,,,,
TEA POWDER,,,,,,,,,,,,,,,,,,,,,,,,,,,,,,,,,,,,,,,
CHOCOLATE,,,,,,,,,,,,,,,,,,,,,,,,,,,,,,,,,,,,,,,
WASHING BAR,BATHING SOAP,DETERGENT POWDER,BATHING SOAP,BATHING SOAP,,,,,,,,,,,,,,,,,,,,,,,,,,,,,,,,,,,
DISHWASH,,,,,,,,,,,,,,,,,,,,,,,,,,,,,,,,,,,,,,,
DETERGENT POWDER,,,,,,,,,,,,,,,,,,,,,,,,,,,,,,,,,,,,,,,
BISCUIT,,,,,,,,,,,,,,,,,,,,,,,,,,,,,,,,,,,,,,,
BISCUIT,,,,,,,,,,,,,,,,,,,,,,,,,,,,,,,,,,,,,,,
HAIR OIL,FACE CREAM,WASHING BAR,TEA POWDER,BISCUIT,BISCUIT,SUGAR,TOOTH PASTE,DISHWASH BAR,BATHING SOAP,DETERGENT POWDER,SALT,TOOTH PASTE,WASHING BAR,BATHING SOAP,TOOTH PASTE,DISHWASH BAR,DETERGENT POWDER,,,,,,,,,,,,,,,,,,,,,,
BISCUIT,COOKING OIL,TEA POWDER,SALT,,,,,,,,,,,,,,,,,,,,,,,,,,,,,,,,,,,,
TOOTH BRUSH,TOOTH PASTE,BISCUIT,BISCUIT,,,,,,,,,,,,,,,,,,,,,,,,,,,,,,,,,,,,
HAIR OIL,WASHING BAR,DISHWASH BAR,DISHWASH LIQUID,BATHING SOAP,SALT,BISCUIT,BISCUIT,BISCUIT,WASHING BAR,DISHWASH BAR,,,,,,,,,,,,,,,,,,,,,,,,,,,,,
BISCUIT,BISCUIT,NOODLES,BISCUIT,BISCUIT,,,,,,,,,,,,,,,,,,,,,,,,,,,,,,,,,,,
TOOTH BRUSH,BISCUIT,BODY LOTION,NOODLES,,,,,,,,,,,,,,,,,,,,,,,,,,,,,,,,,,,,
TOOTH PASTE,BISCUIT,BISCUIT,SUGAR,BISCUIT,DETERGENT POWDER,DISHWASH BAR,,,,,,,,,,,,,,,,,,,,,,,,,,,,,,,,,
CHOCOLATE,,,,,,,,,,,,,,,,,,,,,,,,,,,,,,,,,,,,,,,
COFFEE,,,,,,,,,,,,,,,,,,,,,,,,,,,,,,,,,,,,,,,
BISCUIT,,,,,,,,,,,,,,,,,,,,,,,,,,,,,,,,,,,,,,,
NOODLES,,,,,,,,,,,,,,,,,,,,,,,,,,,,,,,,,,,,,,,
TEA POWDER,,,,,,,,,,,,,,,,,,,,,,,,,,,,,,,,,,,,,,,
BATHING SOAP,,,,,,,,,,,,,,,,,,,,,,,,,,,,,,,,,,,,,,,
TOOTH PASTE,WASHING BAR,SHAMPOO,,,,,,,,,,,,,,,,,,,,,,,,,,,,,,,,,,,,,
BISCUIT,,,,,,,,,,,,,,,,,,,,,,,,,,,,,,,,,,,,,,,
BATHING SOAP,BISCUIT,HAIR OIL,TOOTH PASTE,DETERGENT POWDER,DETERGENT POWDER,BISCUIT,,,,,,,,,,,,,,,,,,,,,,,,,,,,,,,,,
BATHING SOAP,WASHING BAR,NOODLES,,,,,,,,,,,,,,,,,,,,,,,,,,,,,,,,,,,,,
DISHWASH BAR,BISCUIT,BATHING SOAP,DETERGENT POWDER,WASHING BAR,GOOD KNIGHT LIQUID,,,,,,,,,,,,,,,,,,,,,,,,,,,,,,,,,,
BISCUIT,SALT,PAPAD,DETERGENT POWDER,DETERGENT POWDER,DETERGENT POWDER,FACE CREAM,TOOTH BRUSH,TOOTH BRUSH,BISCUIT,,,,,,,,,,,,,,,,,,,,,,,,,,,,,,
CHOCOLATE,DISHWASH BAR,,,,,,,,,,,,,,,,,,,,,,,,,,,,,,,,,,,,,,
DISHWASH BAR,,,,,,,,,,,,,,,,,,,,,,,,,,,,,,,,,,,,,,,
SUGAR,TEA POWDER,HAIR OIL,DETERGENT POWDER,KETCHUP,JAM,TOOTH PASTE,BATHING SOAP,BATHING SOAP,DETERGENT POWDER,DISHWASH BAR,NOODLES,FACE CREAM,WASHING BAR,,,,,,,,,,,,,,,,,,,,,,,,,,
WASHING POWDER,,,,,,,,,,,,,,,,,,,,,,,,,,,,,,,,,,,,,,,
COOKING OIL,TEA POWDER,,,,,,,,,,,,,,,,,,,,,,,,,,,,,,,,,,,,,,
COFFEE,COOKING OIL,BATHING SOAP,BISCUIT,SALT,,,,,,,,,,,,,,,,,,,,,,,,,,,,,,,,,,,
CHOCOLATE,,,,,,,,,,,,,,,,,,,,,,,,,,,,,,,,,,,,,,,
BISCUIT,CHOCOLATE,CHOCOLATE,SALT,BISCUIT,SLICE CAKE,,,,,,,,,,,,,,,,,,,,,,,,,,,,,,,,,,
WASHING LIQUID,,,,,,,,,,,,,,,,,,,,,,,,,,,,,,,,,,,,,,,
BISCUIT,CHOCOLATE,,,,,,,,,,,,,,,,,,,,,,,,,,,,,,,,,,,,,,
CHOCOLATE,BISCUIT,,,,,,,,,,,,,,,,,,,,,,,,,,,,,,,,,,,,,,
COFFEE,,,,,,,,,,,,,,,,,,,,,,,,,,,,,,,,,,,,,,,
COFFEE,TEA POWDER,PAPAD,TOOTH PASTE,TOOTH PASTE,TEA POWDER,SALT,WASHING BAR,WASHING BAR,BATHING SOAP,BATHING SOAP,DETERGENT POWDER,,,,,,,,,,,,,,,,,,,,,,,,,,,,
JAM,,,,,,,,,,,,,,,,,,,,,,,,,,,,,,,,,,,,,,,
DISHWASH BAR,COOKING OIL,PAPAD,WASHING BAR,SALT,BATHING SOAP,BATHING SOAP,TOOTH PASTE,WASHING BAR,PASTA,HAND WASH,DETERGENT POWDER,DISHWASH BAR,DISHWASH BAR,DISHWASH BAR,DETERGENT POWDER,SUGAR,TEA POWDER,DETERGENT POWDER,DETERGENT POWDER,BATHING SOAP,BATHING SOAP,TEA POWDER,PAPAD,TOOTH PASTE,SALT,DISHWASH BAR,SUGAR,SHAMOO,BISCUIT,TEA POWDER,BISCUIT,BATHING SOAP,HAIR OIL,BISCUIT,FACE CREAM,,,,
BISCUIT,,,,,,,,,,,,,,,,,,,,,,,,,,,,,,,,,,,,,,,
DETERGENT POWDER,BATHING SOAP,TOOTH PASTE,WASHING BAR,WASHING BAR,BISCUIT,BISCUIT,BATHING SOAP,DISHWASH BAR,WASHING BAR,SALT,PAPAD,DISHWASH BAR,BISCUIT,DETERGENT POWDER,TOOTH PASTE,BATHING SOAP,BATHING SOAP,BISCUIT,BISCUIT,BISCUIT,,,,,,,,,,,,,,,,,,,
WASHING BAR,BATHING SOAP,,,,,,,,,,,,,,,,,,,,,,,,,,,,,,,,,,,,,,
SHAMPOO,SHAMPOO,BISCUIT,,,,,,,,,,,,,,,,,,,,,,,,,,,,,,,,,,,,,
SHAMPOO,,,,,,,,,,,,,,,,,,,,,,,,,,,,,,,,,,,,,,,
SALT,DISHWASH LIQUID,BISCUIT,SUGAR,TEA POWDER,BISCUIT,TEA POWDER,DISHWASH BAR,DETERGENT POWDER,,,,,,,,,,,,,,,,,,,,,,,,,,,,,,,
BISCUIT,PAPAD,,,,,,,,,,,,,,,,,,,,,,,,,,,,,,,,,,,,,,
HAND WASH,,,,,,,,,,,,,,,,,,,,,,,,,,,,,,,,,,,,,,,
COOKING OIL,COOKING OIL,,,,,,,,,,,,,,,,,,,,,,,,,,,,,,,,,,,,,,
DETERGENT POWDER,SHAMPOO,DISHWASH BAR,TOOTH BRUSH,WASHING BAR,,,,,,,,,,,,,,,,,,,,,,,,,,,,,,,,,,,
BATHING SOAP,,,,,,,,,,,,,,,,,,,,,,,,,,,,,,,,,,,,,,,
BATHING SOAP,BATHING SOAP,PAPAD,,,,,,,,,,,,,,,,,,,,,,,,,,,,,,,,,,,,,
BISCUIT,DISHWASH BAR,TOOTH PASTE,BISCUIT,DISHWASH BAR,SALT,COFFEE,SHAMPOO,,,,,,,,,,,,,,,,,,,,,,,,,,,,,,,,
BATHING SOAP,BISCUIT,BISCUIT,DETERGENT POWDER,WASHING BAR,COFFEE,WASHING BAR,DISHWASH BAR,BISCUIT,BATHING SOAP,,,,,,,,,,,,,,,,,,,,,,,,,,,,,,
COOKING OIL,,,,,,,,,,,,,,,,,,,,,,,,,,,,,,,,,,,,,,,
BOURNVITA,SUGAR,DISHWASH BAR,HAIR OIL,TOOTH PASTE,BATHING SOAP,TEA POWDER,COFFEE,WASHING BAR,WASHING BAR,BATHING SOAP,DETERGENT POWDER,SALT,PAPAD,WASHING BAR,WASHING BAR,,,,,,,,,,,,,,,,,,,,,,,,
DETERGENT POWDER,DISHWASH BAR,COOKING OIL,,,,,,,,,,,,,,,,,,,,,,,,,,,,,,,,,,,,,
NOODLES,CHOCOLATE,CHOCOLATE,WASHING BAR,WASHING BAR,BATHING SOAP,SALT,DISHWASH BAR,WASHING LIQUID,WASHING BAR,DETERGENT POWDER,TEA POWDER,BISCUIT,BISCUIT,BATHING SOAP,TOOTH PASTE,BATHING SOAP,,,,,,,,,,,,,,,,,,,,,,,
TOOTH PASTE,DETERGENT POWDER,SALT,BISCUIT,BATHING SOAP,DISHWASH BAR,,,,,,,,,,,,,,,,,,,,,,,,,,,,,,,,,,
SALT,BISCUIT,,,,,,,,,,,,,,,,,,,,,,,,,,,,,,,,,,,,,,
COOKING OIL,SALT,WASHING BAR,BATHING SOAP,DETERGENT POWDER,DISHWASH BAR,SHAMOO+CONDITIONER,TEA POWDER,,,,,,,,,,,,,,,,,,,,,,,,,,,,,,,,
BOURNVITA,BISCUIT,BISCUIT,BISCUIT,SUGAR,TEA POWDER,TOOTH PASTE,COOKING OIL,SALT,COFFEE,TEA POWDER,BISCUIT,DETERGENT LIQUID,SHAMPOO,DETERGENT POWDER,DISHWASH LIQUID,BATHING SOAP,DISHWASH BAR,WASHING BAR,BISCUIT,DETERGENT POWDER,WASHING BAR,WASHING BAR,BATHING SOAP,TOOTH PASTE,SALT,PAPAD,FACE CREAM,WASHING BAR,BATHING SOAP,COOKING OIL,WASHING BAR,TOOTH PASTE,DETERGENT POWDER,CHOCOLATE,TOOTH BRUSH,TOOTH BRUSH,DISHWASH BAR,SALT,COFFEE
COOKING OIL,COOKING OIL,BISCUIT,BISCUIT,BISCUIT,BOURNVITA,KETCHUP,TEA POWDER,TOOTH PASTE,HAIR OIL,WASHING BAR,WASHING BAR,DETERGENT POWDER,DETERGENT POWDER,DISHWASH BAR,,,,,,,,,,,,,,,,,,,,,,,,,
BATHING SOAP,DETERGENT POWDER,DETERGENT POWDER,DISHWASH BAR,DETERGENT POWDER,WASHING BAR,WASHING BAR,SALT,,,,,,,,,,,,,,,,,,,,,,,,,,,,,,,,
TOOTH PASTE,BATHING SOAP,CHOCOLATE,SANDWICH CAKE,SALT,HAND WASH,DETERGENT POWDER,COOKING OIL,,,,,,,,,,,,,,,,,,,,,,,,,,,,,,,,
CHOCOLATE,COOKING OIL,WASHING BAR,CHOCOLATE,CHOCOLATE,CHOCOLATE,SANDWICH CAKE,HAND WASH,,,,,,,,,,,,,,,,,,,,,,,,,,,,,,,,
DISHWASH BAR,CHOCOLATE,BATHING SOAP,BATHING SOAP,TOOTH BRUSH,FACE WASH,BATHING SOAP,TOOTH PASTE,DETERGENT POWDER,WASHING POWDER,TEA POWDER,BATHING SOAP,PAPAD,COOKING OIL,SUGAR,,,,,,,,,,,,,,,,,,,,,,,,,
COFFEE,,,,,,,,,,,,,,,,,,,,,,,,,,,,,,,,,,,,,,,
CHOCOLATE,SUGAR,TEA POWDER,WASHING BAR,SALT,BATHING SOAP,DISHWASH BAR,BISCUIT,BISCUIT,BISCUIT,COFFEE,DETERGENT POWDER,,,,,,,,,,,,,,,,,,,,,,,,,,,,
HAND WASH,BATHING SOAP,BISCUIT,COOKING OIL,WASHING LIQUID,COFFEE,SALT,,,,,,,,,,,,,,,,,,,,,,,,,,,,,,,,,
COOKING OIL,BISCUIT,DETERGENT POWDER,,,,,,,,,,,,,,,,,,,,,,,,,,,,,,,,,,,,,
TOOTH BRUSH,COFFEE,DISHWASH BAR,,,,,,,,,,,,,,,,,,,,,,,,,,,,,,,,,,,,,
SALT,,,,,,,,,,,,,,,,,,,,,,,,,,,,,,,,,,,,,,,
DETERGENT POWDER,,,,,,,,,,,,,,,,,,,,,,,,,,,,,,,,,,,,,,,
CONDITIONER,BISCUIT,WASHING BAR,DETERGENT POWDER,COOKING OIL,TEA POWDER,,,,,,,,,,,,,,,,,,,,,,,,,,,,,,,,,,
BATHING SOAP,BATHING SOAP,DISHWASH BAR,DISHWASH BAR,WASHING BAR,DETERGENT POWDER,,,,,,,,,,,,,,,,,,,,,,,,,,,,,,,,,,
SHAMOO,BOURNVITA,,,,,,,,,,,,,,,,,,,,,,,,,,,,,,,,,,,,,,
BISCUIT,BISCUIT,BISCUIT,,,,,,,,,,,,,,,,,,,,,,,,,,,,,,,,,,,,,
DETERGENT POWDER,BISCUIT,BISCUIT,SUGAR,SALT,TEA POWDER,TOOTH PASTE,HAIR OIL,,,,,,,,,,,,,,,,,,,,,,,,,,,,,,,,
PAPAD,BISCUIT,,,,,,,,,,,,,,,,,,,,,,,,,,,,,,,,,,,,,,
TOOTH BRUSH,SALT,PAPAD,CHOCOLATE,TOOTH PASTE,JAM,WASHING BAR,SHAMPOO,DETERGENT POWDER,TOOTH PASTE,FACE CREAM,HAIR OIL,BATHING SOAP,BATHING SOAP,DETERGENT POWDER,SALT,,,,,,,,,,,,,,,,,,,,,,,,
WASHING BAR,,,,,,,,,,,,,,,,,,,,,,,,,,,,,,,,,,,,,,,
BISCUIT,,,,,,,,,,,,,,,,,,,,,,,,,,,,,,,,,,,,,,,
DETERGENT POWDER,FACE WASH,WASHING BAR,COFFEE,,,,,,,,,,,,,,,,,,,,,,,,,,,,,,,,,,,,
SALT,,,,,,,,,,,,,,,,,,,,,,,,,,,,,,,,,,,,,,,
HAND WASH,WASHING POWDER,BISCUIT,DISHWASH BAR,DISHWASH BAR,FACE WASH,TOOTH BRUSH,BISCUIT,COOKING OIL,COFFEE,TOOTH PASTE,BOURNVITA,COFFEE,JAM,,,,,,,,,,,,,,,,,,,,,,,,,,
CHOCOLATE,,,,,,,,,,,,,,,,,,,,,,,,,,,,,,,,,,,,,,,
COFFEE,SHAMOO,,,,,,,,,,,,,,,,,,,,,,,,,,,,,,,,,,,,,,
DISHWASH BAR,,,,,,,,,,,,,,,,,,,,,,,,,,,,,,,,,,,,,,,
WASHING BAR,TEA POWDER,,,,,,,,,,,,,,,,,,,,,,,,,,,,,,,,,,,,,,
TEA POWDER,BISCUIT,CHOCOLATE,CHOCOLATE,CHOCOLATE,TEA POWDER,BISCUIT,BISCUIT,BATHING SOAP,DETERGENT POWDER,WASHING BAR,SALT,WASHING BAR,SHAMOO,CHOCOLATE,DETERGENT POWDER,DISHWASH BAR,WASHING BAR,KETCHUP,SALT,TOOTH PASTE,TOOTH PASTE,DISHWASH BAR,BATHING SOAP,DISHWASH BAR,,,,,,,,,,,,,,,
PAPAD,WASHING BAR,WASHING BAR,DISHWASH BAR,DETERGENT POWDER,BATHING SOAP,TOOTH PASTE,TEA POWDER,BISCUIT,,,,,,,,,,,,,,,,,,,,,,,,,,,,,,,
PAPAD,DETERGENT POWDER,TEA POWDER,DISHWASH BAR,WASHING BAR,BISCUIT,,,,,,,,,,,,,,,,,,,,,,,,,,,,,,,,,,
SHAMOO,COOKING OIL,DETERGENT POWDER,HAIR OIL,WASHING BAR,BISCUIT,BISCUIT,,,,,,,,,,,,,,,,,,,,,,,,,,,,,,,,,
DISHWASH BAR,DISHWASH BAR,DETERGENT POWDER,BATHING SOAP,BATHING SOAP,BATHING SOAP,DETERGENT POWDER,DETERGENT POWDER,WASHING BAR,BISCUIT,BISCUIT,SALT,COOKING OIL,COOKING OIL,TEA POWDER,SLICE CAKE,SALT,TOOTH PASTE,SANDWICH CAKE,TOOTH PASTE,KETCHUP,HAIR OIL,KETCHUP,NOODLES,NOODLES,,,,,,,,,,,,,,,
CHOCOLATE,TEA POWDER,TOOTH PASTE,DETERGENT POWDER,DETERGENT POWDER,DETERGENT POWDER,,,,,,,,,,,,,,,,,,,,,,,,,,,,,,,,,,
WASHING BAR,BATHING SOAP,TOOTH PASTE,CHOCOLATE,HAIR OIL,DETERGENT POWDER,,,,,,,,,,,,,,,,,,,,,,,,,,,,,,,,,,
HAIR OIL,,,,,,,,,,,,,,,,,,,,,,,,,,,,,,,,,,,,,,,
DISHWASH BAR,TEA POWDER,BISCUIT,BISCUIT,,,,,,,,,,,,,,,,,,,,,,,,,,,,,,,,,,,,
DETERGENT POWDER,BATHING SOAP,WASHING BAR,DISHWASH BAR,BISCUIT,,,,,,,,,,,,,,,,,,,,,,,,,,,,,,,,,,,
TEA POWDER,NOODLES,KETCHUP,,,,,,,,,,,,,,,,,,,,,,,,,,,,,,,,,,,,,
COOKING OIL,,,,,,,,,,,,,,,,,,,,,,,,,,,,,,,,,,,,,,,
BISCUIT,,,,,,,,,,,,,,,,,,,,,,,,,,,,,,,,,,,,,,,
TEA POWDER,SHAMPOO,,,,,,,,,,,,,,,,,,,,,,,,,,,,,,,,,,,,,,
DETERGENT POWDER,BISCUIT,BISCUIT,BISCUIT,BISCUIT,WASHING BAR,DISHWASH BAR,GOOD KNIGHT LIQUID,TOOTH PASTE,SALT,BISCUIT,BISCUIT,BISCUIT,DISHWASH BAR,SALT,TOOTH PASTE,BATHING SOAP,BATHING SOAP,BATHING SOAP,BATHING SOAP,BATHING SOAP,DETERGENT POWDER,DISHWASH BAR,WASHING BAR,,,,,,,,,,,,,,,,
TOOTH PASTE,CHOCOLATE,DISHWASH BAR,WASHING BAR,DETERGENT POWDER,,,,,,,,,,,,,,,,,,,,,,,,,,,,,,,,,,,
BISCUIT,,,,,,,,,,,,,,,,,,,,,,,,,,,,,,,,,,,,,,,
SHAMPOO,DISHWASH BAR,BATHING SOAP,COFFEE,DETERGENT POWDER,PAPAD,BATHING SOAP,SALT,BISCUIT,,,,,,,,,,,,,,,,,,,,,,,,,,,,,,,
SALT,DISHWASH BAR,DISHWASH BAR,BATHING SOAP,BATHING SOAP,WASHING BAR,DETERGENT POWDER,,,,,,,,,,,,,,,,,,,,,,,,,,,,,,,,,
BISCUIT,BISCUIT,JAM,TOOTH PASTE,BATHING SOAP,BOURNVITA,BISCUIT,KETCHUP,SHAMPOO,BATHING SOAP,DISHWASH BAR,WASHING BAR,DETERGENT POWDER,DETERGENT POWDER,BISCUIT,HAIR OIL,SALT,BISCUIT,DISHWASH BAR,COFFEE,,,,,,,,,,,,,,,,,,,,
DETERGENT POWDER,COFFEE,TOOTH PASTE,DETERGENT POWDER,BATHING SOAP,,,,,,,,,,,,,,,,,,,,,,,,,,,,,,,,,,,
SALT,,,,,,,,,,,,,,,,,,,,,,,,,,,,,,,,,,,,,,,
TOOTH PASTE,BATHING SOAP,BATHING SOAP,COOKING OIL,DETERGENT POWDER,PAPAD,SUGAR,WASHING BAR,BATHING SOAP,COOKING OIL,TOOTH PASTE,TEA POWDER,BATHING SOAP,WASHING BAR,SALT,TOOTH PASTE,BATHING SOAP,TOOTH PASTE,COOKING OIL,COOKING OIL,PAPAD,BISCUIT,TOOTH PASTE,DISHWASH BAR,,,,,,,,,,,,,,,,
CHOCOLATE,BISCUIT,,,,,,,,,,,,,,,,,,,,,,,,,,,,,,,,,,,,,,
SALT,BATHING SOAP,BATHING SOAP,SHAMPOO,SHAMPOO,COFFEE,TEA POWDER,COOKING OIL,COOKING OIL,,,,,,,,,,,,,,,,,,,,,,,,,,,,,,,
TEA POWDER,,,,,,,,,,,,,,,,,,,,,,,,,,,,,,,,,,,,,,,
SALT,,,,,,,,,,,,,,,,,,,,,,,,,,,,,,,,,,,,,,,
TOOTH PASTE,,,,,,,,,,,,,,,,,,,,,,,,,,,,,,,,,,,,,,,
HAIR OIL,TOOTH PASTE,SUGAR,TEA POWDER,DISHWASH BAR,,,,,,,,,,,,,,,,,,,,,,,,,,,,,,,,,,,
WASHING BAR,BISCUIT,BATHING SOAP,DISHWASH BAR,TOOTH PASTE,DETERGENT POWDER,WASHING BAR,WASHING BAR,TOOTH PASTE,BATHING SOAP,SALT,DETERGENT LIQUID,NOODLES,BOURNVITA,BOURNVITA,JAM,COFFEE,BISCUIT,SALT,SUGAR,WASHING BAR,,,,,,,,,,,,,,,,,,,
BOURNVITA,SALT,TEA POWDER,COOKING OIL,COFFEE,,,,,,,,,,,,,,,,,,,,,,,,,,,,,,,,,,,
BISCUIT,,,,,,,,,,,,,,,,,,,,,,,,,,,,,,,,,,,,,,,
WASHING BAR,,,,,,,,,,,,,,,,,,,,,,,,,,,,,,,,,,,,,,,
WASHING BAR,TOOTH PASTE,BATHING SOAP,DETERGENT POWDER,BOURNVITA,CHOCOLATE,,,,,,,,,,,,,,,,,,,,,,,,,,,,,,,,,,
TEA POWDER,TEA POWDER,TEA POWDER,,,,,,,,,,,,,,,,,,,,,,,,,,,,,,,,,,,,,
JAM,COOKING OIL,BISCUIT,,,,,,,,,,,,,,,,,,,,,,,,,,,,,,,,,,,,,
DETERGENT POWDER,SALT,WASHING BAR,TOOTH PASTE,COFFEE,DETERGENT POWDER,BATHING SOAP,COOKING OIL,,,,,,,,,,,,,,,,,,,,,,,,,,,,,,,,
BISCUIT,BISCUIT,CHOCOLATE,CHOCOLATE,TOOTH PASTE,BISCUIT,COFFEE,,,,,,,,,,,,,,,,,,,,,,,,,,,,,,,,,
BATHING SOAP,DETERGENT POWDER,,,,,,,,,,,,,,,,,,,,,,,,,,,,,,,,,,,,,,
DETERGENT POWDER,,,,,,,,,,,,,,,,,,,,,,,,,,,,,,,,,,,,,,,
BISCUIT,,,,,,,,,,,,,,,,,,,,,,,,,,,,,,,,,,,,,,,
NOODLES,BISCUIT,SALT,NOODLES,SALT,,,,,,,,,,,,,,,,,,,,,,,,,,,,,,,,,,,
BISCUIT,,,,,,,,,,,,,,,,,,,,,,,,,,,,,,,,,,,,,,,
DETERGENT POWDER,JAM,,,,,,,,,,,,,,,,,,,,,,,,,,,,,,,,,,,,,,
TEA POWDER,DISHWASH BAR,,,,,,,,,,,,,,,,,,,,,,,,,,,,,,,,,,,,,,
TOOTH PASTE,,,,,,,,,,,,,,,,,,,,,,,,,,,,,,,,,,,,,,,
BISCUIT,BISCUIT,TEA POWDER,BATHING SOAP,TOOTH PASTE,WASHING BAR,WASHING BAR,SALT,NOODLES,HAIR OIL,,,,,,,,,,,,,,,,,,,,,,,,,,,,,,
DISHWASH BAR,TEA POWDER,TOOTH PASTE,WASHING BAR,,,,,,,,,,,,,,,,,,,,,,,,,,,,,,,,,,,,
COOKING OIL,TOOTH BRUSH,BISCUIT,BISCUIT,WASHING BAR,WASHING BAR,DISHWASH BAR,DETERGENT POWDER,SHAMOO,,,,,,,,,,,,,,,,,,,,,,,,,,,,,,,
COOKING OIL,SALT,SUGAR,TOOTH PASTE,BISCUIT,BATHING SOAP,WASHING BAR,PAPAD,TEA POWDER,HAIR OIL,DISHWASH BAR,DETERGENT POWDER,TOOTH BRUSH,BODY LOTION,HAND WASH,COFFEE,,,,,,,,,,,,,,,,,,,,,,,,
BISCUIT,TEA POWDER,BISCUIT,SALT,HAIR OIL,TOOTH PASTE,,,,,,,,,,,,,,,,,,,,,,,,,,,,,,,,,,
TOOTH PASTE,WASHING BAR,,,,,,,,,,,,,,,,,,,,,,,,,,,,,,,,,,,,,,
BISCUIT,TOOTH PASTE,TEA POWDER,TEA POWDER,,,,,,,,,,,,,,,,,,,,,,,,,,,,,,,,,,,,
DETERGENT POWDER,WASHING BAR,TOOTH PASTE,BATHING SOAP,DISHWASH BAR,FACE CREAM,BODY LOTION,DETERGENT POWDER,BISCUIT,,,,,,,,,,,,,,,,,,,,,,,,,,,,,,,
BATHING SOAP,TOOTH PASTE,WASHING BAR,LIFEBUOY LF 1G,BATHING SOAP,DISHWASH BAR,DETERGENT POWDER,TOOTH BRUSH,TEA POWDER,,,,,,,,,,,,,,,,,,,,,,,,,,,,,,,
TOOTH PASTE,TOOTH PASTE,BISCUIT,CHOCOLATE,TEA POWDER,,,,,,,,,,,,,,,,,,,,,,,,,,,,,,,,,,,
WASHING BAR,,,,,,,,,,,,,,,,,,,,,,,,,,,,,,,,,,,,,,,
BISCUIT,,,,,,,,,,,,,,,,,,,,,,,,,,,,,,,,,,,,,,,
TEA POWDER,,,,,,,,,,,,,,,,,,,,,,,,,,,,,,,,,,,,,,,
TOOTH PASTE,COOKING OIL,TOOTH PASTE,BISCUIT,DISHWASH BAR,BISCUIT,BISCUIT,COFFEE,,,,,,,,,,,,,,,,,,,,,,,,,,,,,,,,
CHOCOLATE,CHOCOLATE,,,,,,,,,,,,,,,,,,,,,,,,,,,,,,,,,,,,,,
CHOCOLATE,COOKING OIL,CHOCOLATE,WASHING POWDER,BISCUIT,HAND WASH,NOODLES,BATHING SOAP,BOURNVITA,TOOTH PASTE,TOOTH BRUSH,PAPAD,WASHING BAR,BODY LOTION,,,,,,,,,,,,,,,,,,,,,,,,,,
DISHWASH BAR,HAIR OIL,BISCUIT,,,,,,,,,,,,,,,,,,,,,,,,,,,,,,,,,,,,,
BISCUIT,CHOCOLATE,TEA POWDER,,,,,,,,,,,,,,,,,,,,,,,,,,,,,,,,,,,,,
CHOCOLATE,,,,,,,,,,,,,,,,,,,,,,,,,,,,,,,,,,,,,,,
WASHING BAR,WASHING BAR,,,,,,,,,,,,,,,,,,,,,,,,,,,,,,,,,,,,,,
WASHING BAR,SALT,,,,,,,,,,,,,,,,,,,,,,,,,,,,,,,,,,,,,,
DETERGENT LIQUID,SHAMPOO,DETERGENT POWDER,,,,,,,,,,,,,,,,,,,,,,,,,,,,,,,,,,,,,
COOKING OIL,SALT,TEA POWDER,TOOTH PASTE,COFFEE,WASHING BAR,HAIR OIL,BATHING SOAP,BISCUIT,HAIR OIL,WASHING BAR,,,,,,,,,,,,,,,,,,,,,,,,,,,,,
WASHING BAR,SALT,BATHING SOAP,TEA POWDER,BISCUIT,BATHING SOAP,DISHWASH BAR,WASHING BAR,DISHWASH BAR,DETERGENT POWDER,BATHING SOAP,WASHING BAR,DETERGENT POWDER,PAPAD,BATHING SOAP,,,,,,,,,,,,,,,,,,,,,,,,,
BISCUIT,BISCUIT,,,,,,,,,,,,,,,,,,,,,,,,,,,,,,,,,,,,,,
BISCUIT,TEA POWDER,BISCUIT,CHOCOLATE,WASHING BAR,TOOTH PASTE,WASHING BAR,DETERGENT POWDER,BATHING SOAP,,,,,,,,,,,,,,,,,,,,,,,,,,,,,,,
WASHING BAR,,,,,,,,,,,,,,,,,,,,,,,,,,,,,,,,,,,,,,,
BISCUIT,HAIR OIL,TOOTH PASTE,,,,,,,,,,,,,,,,,,,,,,,,,,,,,,,,,,,,,
CHOCOLATE,,,,,,,,,,,,,,,,,,,,,,,,,,,,,,,,,,,,,,,
BISCUIT,BISCUIT,BISCUIT,CHOCOLATE,CHOCOLATE,CHOCOLATE,CHOCOLATE,CHOCOLATE,SANDWICH CAKE,BISCUIT,BISCUIT,CHOCOLATE,CHOCOLATE,COFFEE,SALT,,,,,,,,,,,,,,,,,,,,,,,,,
DETERGENT POWDER,WASHING BAR,DISHWASH BAR,SHAMPOO,SALT,DETERGENT POWDER,DISHWASH BAR,,,,,,,,,,,,,,,,,,,,,,,,,,,,,,,,,
PASTA,SALT,DETERGENT POWDER,,,,,,,,,,,,,,,,,,,,,,,,,,,,,,,,,,,,,
COOKING OIL,COOKING OIL,TOOTH PASTE,TEA POWDER,NOODLES,CHOCOLATE,TOOTH PASTE,TOOTH BRUSH,,,,,,,,,,,,,,,,,,,,,,,,,,,,,,,,
WASHING BAR,DETERGENT POWDER,COOKING OIL,DISHWASH BAR,FACE CREAM,SALT,COOKING OIL,BISCUIT,TOOTH PASTE,BATHING SOAP,BATHING SOAP,BATHING SOAP,BATHING SOAP,,,,,,,,,,,,,,,,,,,,,,,,,,,
BISCUIT,BATHING SOAP,,,,,,,,,,,,,,,,,,,,,,,,,,,,,,,,,,,,,,
DISHWASH BAR,DETERGENT POWDER,BATHING SOAP,GOOD KNIGHT LIQUID,CHOCOLATE,SALT,CHOCOLATE,DISHWASH BAR,WASHING BAR,TOOTH PASTE,TOOTH PASTE,BATHING SOAP,TOOTH BRUSH,TOOTH BRUSH,HAIR OIL,HAIR OIL,FACE WASH,BISCUIT,BATHING SOAP,,,,,,,,,,,,,,,,,,,,,
SUGAR,,,,,,,,,,,,,,,,,,,,,,,,,,,,,,,,,,,,,,,
PAPAD,BATHING SOAP,GOOD KNIGHT LIQUID,CHOCOLATE,JAM,BISCUIT,SALT,DETERGENT POWDER,TOOTH PASTE,WASHING BAR,HAND WASH,DETERGENT POWDER,,,,,,,,,,,,,,,,,,,,,,,,,,,,
TOOTH PASTE,WASHING BAR,DISHWASH BAR,PAPAD,BATHING SOAP,DETERGENT POWDER,DETERGENT POWDER,SUGAR,,,,,,,,,,,,,,,,,,,,,,,,,,,,,,,,
BISCUIT,PAPAD,COFFEE,BATHING SOAP,TOOTH BRUSH,TOOTH BRUSH,BATHING SOAP,,,,,,,,,,,,,,,,,,,,,,,,,,,,,,,,,
COFFEE,BISCUIT,SUGAR,COFFEE,SALT,,,,,,,,,,,,,,,,,,,,,,,,,,,,,,,,,,,
COOKING OIL,,,,,,,,,,,,,,,,,,,,,,,,,,,,,,,,,,,,,,,
WASHING BAR,BATHING SOAP,SALT,DETERGENT POWDER,BATHING SOAP,WASHING BAR,,,,,,,,,,,,,,,,,,,,,,,,,,,,,,,,,,
BISCUIT,BISCUIT,BISCUIT,BISCUIT,TEA POWDER,,,,,,,,,,,,,,,,,,,,,,,,,,,,,,,,,,,
PAPAD,DETERGENT POWDER,SUGAR,TEA POWDER,TOOTH PASTE,BATHING SOAP,WASHING BAR,GOOD KNIGHT LIQUID,COOKING OIL,DISHWASH LIQUID,WASHING POWDER,TOOTH POWDER,TEA POWDER,SALT,BATHING SOAP,TOOTH PASTE,WASHING BAR,WASHING BAR,DETERGENT POWDER,COFFEE,,,,,,,,,,,,,,,,,,,,
SALT,COOKING OIL,TOOTH PASTE,,,,,,,,,,,,,,,,,,,,,,,,,,,,,,,,,,,,,
WASHING BAR,BATHING SOAP,DISHWASH BAR,DETERGENT POWDER,SALT,,,,,,,,,,,,,,,,,,,,,,,,,,,,,,,,,,,
TEA POWDER,WASHING BAR,,,,,,,,,,,,,,,,,,,,,,,,,,,,,,,,,,,,,,
CHOCOLATE,,,,,,,,,,,,,,,,,,,,,,,,,,,,,,,,,,,,,,,
DETERGENT POWDER,TOOTH PASTE,HAIR OIL,,,,,,,,,,,,,,,,,,,,,,,,,,,,,,,,,,,,,
HAIR OIL,HAIR OIL,BATHING SOAP,TOOTH PASTE,TOOTH PASTE,BATHING SOAP,,,,,,,,,,,,,,,,,,,,,,,,,,,,,,,,,,
BISCUIT,BISCUIT,,,,,,,,,,,,,,,,,,,,,,,,,,,,,,,,,,,,,,
FACE CREAM,,,,,,,,,,,,,,,,,,,,,,,,,,,,,,,,,,,,,,,
KETCHUP,BATHING SOAP,PAPAD,COOKING OIL,DETERGENT POWDER,,,,,,,,,,,,,,,,,,,,,,,,,,,,,,,,,,,
BODY LOTION,WASHING BAR,COFFEE,,,,,,,,,,,,,,,,,,,,,,,,,,,,,,,,,,,,,
CHOCOLATE,CHOCOLATE,,,,,,,,,,,,,,,,,,,,,,,,,,,,,,,,,,,,,,
TEA POWDER,,,,,,,,,,,,,,,,,,,,,,,,,,,,,,,,,,,,,,,
TOOTH PASTE,,,,,,,,,,,,,,,,,,,,,,,,,,,,,,,,,,,,,,,
WASHING BAR,CHOCOLATE,COFFEE,COOKING OIL,DISHWASH BAR,WASHING BAR,COFFEE,,,,,,,,,,,,,,,,,,,,,,,,,,,,,,,,,
SALT,BISCUIT,BISCUIT,WASHING BAR,DISHWASH BAR,,,,,,,,,,,,,,,,,,,,,,,,,,,,,,,,,,,
BATHING SOAP,BISCUIT,SALT,DETERGENT POWDER,DISHWASH BAR,BISCUIT,COFFEE,BISCUIT,BOURNVITA,BATHING SOAP,,,,,,,,,,,,,,,,,,,,,,,,,,,,,,
DETERGENT POWDER,DETERGENT POWDER,DISHWASH BAR,JAM,SALT,DETERGENT POWDER,SHAMPOO,DETERGENT POWDER,,,,,,,,,,,,,,,,,,,,,,,,,,,,,,,,
SALT,BISCUIT,,,,,,,,,,,,,,,,,,,,,,,,,,,,,,,,,,,,,,
BISCUIT,CHOCOLATE,,,,,,,,,,,,,,,,,,,,,,,,,,,,,,,,,,,,,,
BISCUIT,,,,,,,,,,,,,,,,,,,,,,,,,,,,,,,,,,,,,,,
SALT,CHOCOLATE,TEA POWDER,TOOTH BRUSH,BISCUIT,,,,,,,,,,,,,,,,,,,,,,,,,,,,,,,,,,,
TEA POWDER,TEA POWDER,,,,,,,,,,,,,,,,,,,,,,,,,,,,,,,,,,,,,,
HAIR OIL,WASHING BAR,WASHING BAR,COFFEE,,,,,,,,,,,,,,,,,,,,,,,,,,,,,,,,,,,,
BISCUIT,BISCUIT,,,,,,,,,,,,,,,,,,,,,,,,,,,,,,,,,,,,,,
CHOCOLATE,,,,,,,,,,,,,,,,,,,,,,,,,,,,,,,,,,,,,,,
TEA POWDER,WASHING BAR,DISHWASH LIQUID,,,,,,,,,,,,,,,,,,,,,,,,,,,,,,,,,,,,,
DETERGENT POWDER,WASHING BAR,BATHING SOAP,,,,,,,,,,,,,,,,,,,,,,,,,,,,,,,,,,,,,
WASHING BAR,WASHING BAR,PAPAD,SALT,TEA POWDER,BISCUIT,PAPAD,CHOCOLATE,CHOCOLATE,DETERGENT POWDER,BATHING SOAP,DISHWASH BAR,WASHING BAR,TOOTH PASTE,SHAMPOO,,,,,,,,,,,,,,,,,,,,,,,,,
BISCUIT,CHOCOLATE,DISHWASH BAR,DETERGENT POWDER,BATHING SOAP,BATHING SOAP,SALT,TOOTH PASTE,DETERGENT POWDER,BATHING SOAP,BATHING SOAP,BATHING SOAP,BATHING SOAP,BATHING SOAP,PAPAD,,,,,,,,,,,,,,,,,,,,,,,,,
COOKING OIL,BISCUIT,KETCHUP,,,,,,,,,,,,,,,,,,,,,,,,,,,,,,,,,,,,,
COOKING OIL,,,,,,,,,,,,,,,,,,,,,,,,,,,,,,,,,,,,,,,
TEA POWDER,BISCUIT,BATHING SOAP,,,,,,,,,,,,,,,,,,,,,,,,,,,,,,,,,,,,,
TEA POWDER,TEA POWDER,TEA POWDER,,,,,,,,,,,,,,,,,,,,,,,,,,,,,,,,,,,,,
WASHING BAR,BATHING SOAP,,,,,,,,,,,,,,,,,,,,,,,,,,,,,,,,,,,,,,
WASHING BAR,WASHING POWDER,SUGAR,SALT,BATHING SOAP,COOKING OIL,TEA POWDER,TOOTH PASTE,WASHING BAR,,,,,,,,,,,,,,,,,,,,,,,,,,,,,,,
TOOTH BRUSH,WASHING BAR,CHOCOLATE,BISCUIT,BISCUIT,BISCUIT,BISCUIT,BATHING SOAP,TOOTH PASTE,BATHING SOAP,WASHING BAR,DETERGENT POWDER,BISCUIT,CHOCOLATE,,,,,,,,,,,,,,,,,,,,,,,,,,
BATHING SOAP,,,,,,,,,,,,,,,,,,,,,,,,,,,,,,,,,,,,,,,
TOOTH BRUSH,TOOTH PASTE,TOOTH POWDER,,,,,,,,,,,,,,,,,,,,,,,,,,,,,,,,,,,,,
COFFEE,COFFEE,BISCUIT,CHOCOLATE,,,,,,,,,,,,,,,,,,,,,,,,,,,,,,,,,,,,
CHOCOLATE,,,,,,,,,,,,,,,,,,,,,,,,,,,,,,,,,,,,,,,
PAPAD,DISHWASH BAR,WASHING BAR,,,,,,,,,,,,,,,,,,,,,,,,,,,,,,,,,,,,,
TEA POWDER,BISCUIT,,,,,,,,,,,,,,,,,,,,,,,,,,,,,,,,,,,,,,
COFFEE,,,,,,,,,,,,,,,,,,,,,,,,,,,,,,,,,,,,,,,
WASHING LIQUID,BISCUIT,BISCUIT,SHAMPOO,WASHING BAR,BATHING SOAP,DISHWASH BAR,,,,,,,,,,,,,,,,,,,,,,,,,,,,,,,,,
DISHWASH BAR,BISCUIT,TOOTH PASTE,COFFEE,COOKING OIL,COFFEE,TEA POWDER,TOOTH PASTE,WASHING LIQUID,TOOTH BRUSH,TOOTH BRUSH,,,,,,,,,,,,,,,,,,,,,,,,,,,,,
COOKING OIL,BISCUIT,,,,,,,,,,,,,,,,,,,,,,,,,,,,,,,,,,,,,,
BISCUIT,HAND WASH,TOOTH PASTE,DETERGENT POWDER,WASHING BAR,DISHWASH BAR,WASHING BAR,,,,,,,,,,,,,,,,,,,,,,,,,,,,,,,,,
DETERGENT POWDER,,,,,,,,,,,,,,,,,,,,,,,,,,,,,,,,,,,,,,,
COOKING OIL,SUGAR,SALT,,,,,,,,,,,,,,,,,,,,,,,,,,,,,,,,,,,,,
PASTA,,,,,,,,,,,,,,,,,,,,,,,,,,,,,,,,,,,,,,,
CHOCOLATE,HAIR OIL,WASHING BAR,DISHWASH BAR,,,,,,,,,,,,,,,,,,,,,,,,,,,,,,,,,,,,
TEA POWDER,TEA POWDER,DETERGENT POWDER,WASHING LIQUID,TOOTH PASTE,SANDWICH CAKE,,,,,,,,,,,,,,,,,,,,,,,,,,,,,,,,,,
BATHING SOAP,DETERGENT POWDER,,,,,,,,,,,,,,,,,,,,,,,,,,,,,,,,,,,,,,
TEA POWDER,DISHWASH LIQUID,COFFEE,SALT,DETERGENT POWDER,,,,,,,,,,,,,,,,,,,,,,,,,,,,,,,,,,,
TOOTH PASTE,NOODLES,BISCUIT,CHOCOLATE,BISCUIT,CHOCOLATE,PASTA,BISCUIT,DETERGENT POWDER,JAM,DISHWASH BAR,CHOCOLATE,TEA POWDER,WASHING BAR,BATHING SOAP,CHOCOLATE,,,,,,,,,,,,,,,,,,,,,,,,
TOOTH BRUSH,BISCUIT,BISCUIT,WASHING BAR,CHOCOLATE,BISCUIT,WASHING BAR,BISCUIT,DETERGENT POWDER,,,,,,,,,,,,,,,,,,,,,,,,,,,,,,,
BATHING SOAP,WASHING BAR,,,,,,,,,,,,,,,,,,,,,,,,,,,,,,,,,,,,,,
CHOCOLATE,,,,,,,,,,,,,,,,,,,,,,,,,,,,,,,,,,,,,,,
BATHING SOAP,COFFEE,,,,,,,,,,,,,,,,,,,,,,,,,,,,,,,,,,,,,,
CHOCOLATE,BATHING SOAP,BISCUIT,BISCUIT,DETERGENT POWDER,WASHING BAR,WASHING BAR,BATHING SOAP,CHOCOLATE,BATHING SOAP,,,,,,,,,,,,,,,,,,,,,,,,,,,,,,
DETERGENT POWDER,TEA POWDER,PAPAD,SALT,BISCUIT,BISCUIT,BISCUIT,DETERGENT POWDER,HAND WASH,WASHING POWDER,BATHING SOAP,BATHING SOAP,TOOTH PASTE,CHOCOLATE,CHOCOLATE,DISHWASH BAR,WASHING BAR,WASHING BAR,BATHING SOAP,BATHING SOAP,CHOCOLATE,COFFEE,BATHING SOAP,,,,,,,,,,,,,,,,,
COFFEE,,,,,,,,,,,,,,,,,,,,,,,,,,,,,,,,,,,,,,,
BISCUIT,BISCUIT,WASHING BAR,DETERGENT POWDER,DISHWASH BAR,BISCUIT,,,,,,,,,,,,,,,,,,,,,,,,,,,,,,,,,,
BOURNVITA,,,,,,,,,,,,,,,,,,,,,,,,,,,,,,,,,,,,,,,
COFFEE,,,,,,,,,,,,,,,,,,,,,,,,,,,,,,,,,,,,,,,
SUGAR,,,,,,,,,,,,,,,,,,,,,,,,,,,,,,,,,,,,,,,
CHOCOLATE,,,,,,,,,,,,,,,,,,,,,,,,,,,,,,,,,,,,,,,
COOKING OIL,COFFEE,SALT,,,,,,,,,,,,,,,,,,,,,,,,,,,,,,,,,,,,,
TOOTH PASTE,DETERGENT POWDER,DETERGENT POWDER,DISHWASH LIQUID,SALT,JAM,WASHING BAR,BATHING SOAP,COOKING OIL,,,,,,,,,,,,,,,,,,,,,,,,,,,,,,,
TEA POWDER,BISCUIT,HAIR OIL,BISCUIT,SALT,PAPAD,DETERGENT POWDER,BOURNVITA,BATHING SOAP,DISHWASH BAR,WASHING BAR,,,,,,,,,,,,,,,,,,,,,,,,,,,,,
BODY LOTION,WASHING POWDER,,,,,,,,,,,,,,,,,,,,,,,,,,,,,,,,,,,,,,
CHOCOLATE,,,,,,,,,,,,,,,,,,,,,,,,,,,,,,,,,,,,,,,
BATHING SOAP,BATHING SOAP,FACE WASH,TOOTH PASTE,,,,,,,,,,,,,,,,,,,,,,,,,,,,,,,,,,,,
WASHING BAR,,,,,,,,,,,,,,,,,,,,,,,,,,,,,,,,,,,,,,,
SUGAR,BATHING SOAP,PAPAD,BISCUIT,HAIR OIL,TOOTH BRUSH,TEA POWDER,HAIR OIL,DETERGENT POWDER,SALT,SALT,PASTA,DISHWASH BAR,GOOD KNIGHT LIQUID,DETERGENT POWDER,COOKING OIL,,,,,,,,,,,,,,,,,,,,,,,,
DETERGENT POWDER,,,,,,,,,,,,,,,,,,,,,,,,,,,,,,,,,,,,,,,
COOKING OIL,HAIR OIL,WASHING BAR,DETERGENT POWDER,DETERGENT POWDER,,,,,,,,,,,,,,,,,,,,,,,,,,,,,,,,,,,
BATHING SOAP,TEA POWDER,WASHING BAR,CHOCOLATE,CHOCOLATE,,,,,,,,,,,,,,,,,,,,,,,,,,,,,,,,,,,
BATHING SOAP,WASHING BAR,,,,,,,,,,,,,,,,,,,,,,,,,,,,,,,,,,,,,,
HAND WASH,,,,,,,,,,,,,,,,,,,,,,,,,,,,,,,,,,,,,,,
COFFEE,,,,,,,,,,,,,,,,,,,,,,,,,,,,,,,,,,,,,,,
BISCUIT,BISCUIT,BISCUIT,DETERGENT POWDER,TOOTH PASTE,HAIR OIL,WASHING BAR,TEA POWDER,BISCUIT,BATHING SOAP,COOKING OIL,SUGAR,SALT,,,,,,,,,,,,,,,,,,,,,,,,,,,
DETERGENT POWDER,BISCUIT,BATHING SOAP,,,,,,,,,,,,,,,,,,,,,,,,,,,,,,,,,,,,,
CHOCOLATE,TOOTH PASTE,,,,,,,,,,,,,,,,,,,,,,,,,,,,,,,,,,,,,,
NOODLES,BATHING SOAP,,,,,,,,,,,,,,,,,,,,,,,,,,,,,,,,,,,,,,
COOKING OIL,DISHWASH BAR,CHOCOLATE,,,,,,,,,,,,,,,,,,,,,,,,,,,,,,,,,,,,,
TOOTH PASTE,BISCUIT,,,,,,,,,,,,,,,,,,,,,,,,,,,,,,,,,,,,,,
CHOCOLATE,,,,,,,,,,,,,,,,,,,,,,,,,,,,,,,,,,,,,,,
DETERGENT POWDER,,,,,,,,,,,,,,,,,,,,,,,,,,,,,,,,,,,,,,,
CHOCOLATE,,,,,,,,,,,,,,,,,,,,,,,,,,,,,,,,,,,,,,,
DETERGENT POWDER,WASHING BAR,BATHING SOAP,,,,,,,,,,,,,,,,,,,,,,,,,,,,,,,,,,,,,
SALT,,,,,,,,,,,,,,,,,,,,,,,,,,,,,,,,,,,,,,,
TOOTH PASTE,BATHING SOAP,,,,,,,,,,,,,,,,,,,,,,,,,,,,,,,,,,,,,,
TEA POWDER,,,,,,,,,,,,,,,,,,,,,,,,,,,,,,,,,,,,,,,
BISCUIT,WASHING BAR,TOOTH PASTE,WASHING BAR,BATHING SOAP,,,,,,,,,,,,,,,,,,,,,,,,,,,,,,,,,,,
WASHING BAR,,,,,,,,,,,,,,,,,,,,,,,,,,,,,,,,,,,,,,,
WASHING BAR,,,,,,,,,,,,,,,,,,,,,,,,,,,,,,,,,,,,,,,
DETERGENT POWDER,TEA POWDER,,,,,,,,,,,,,,,,,,,,,,,,,,,,,,,,,,,,,,
COOKING OIL,,,,,,,,,,,,,,,,,,,,,,,,,,,,,,,,,,,,,,,
WASHING BAR,WASHING BAR,BATHING SOAP,CHOCOLATE,BISCUIT,BISCUIT,COFFEE,BISCUIT,HAIR OIL,BATHING SOAP,,,,,,,,,,,,,,,,,,,,,,,,,,,,,,
FACE WASH,DISHWASH BAR,WASHING BAR,WASHING BAR,BISCUIT,BISCUIT,TOOTH PASTE,CHOCOLATE,WASHING BAR,BATHING SOAP,TOOTH PASTE,SALT,PAPAD,WASHING POWDER,,,,,,,,,,,,,,,,,,,,,,,,,,
TEA POWDER,TEA POWDER,,,,,,,,,,,,,,,,,,,,,,,,,,,,,,,,,,,,,,
COOKING OIL,JAM,TEA POWDER,SUGAR,HAIR OIL,WASHING BAR,BATHING SOAP,,,,,,,,,,,,,,,,,,,,,,,,,,,,,,,,,
BISCUIT,BISCUIT,TOOTH PASTE,BISCUIT,BISCUIT,,,,,,,,,,,,,,,,,,,,,,,,,,,,,,,,,,,
PAPAD,SALT,TOOTH PASTE,WASHING BAR,,,,,,,,,,,,,,,,,,,,,,,,,,,,,,,,,,,,
BATHING SOAP,,,,,,,,,,,,,,,,,,,,,,,,,,,,,,,,,,,,,,,
HAND WASH,CHOCOLATE,CHOCOLATE,WASHING BAR,,,,,,,,,,,,,,,,,,,,,,,,,,,,,,,,,,,,
CHOCOLATE,BISCUIT,DISHWASH BAR,DISHWASH LIQUID,BISCUIT,,,,,,,,,,,,,,,,,,,,,,,,,,,,,,,,,,,
BISCUIT,,,,,,,,,,,,,,,,,,,,,,,,,,,,,,,,,,,,,,,
CHOCOLATE,COFFEE,TEA POWDER,SUGAR,BISCUIT,BISCUIT,,,,,,,,,,,,,,,,,,,,,,,,,,,,,,,,,,
BISCUIT,BISCUIT,,,,,,,,,,,,,,,,,,,,,,,,,,,,,,,,,,,,,,
BISCUIT,CHOCOLATE,,,,,,,,,,,,,,,,,,,,,,,,,,,,,,,,,,,,,,
TEA POWDER,TOOTH BRUSH,WASHING BAR,WASHING BAR,SALT,,,,,,,,,,,,,,,,,,,,,,,,,,,,,,,,,,,
BISCUIT,BISCUIT,BISCUIT,,,,,,,,,,,,,,,,,,,,,,,,,,,,,,,,,,,,,
BATHING SOAP,,,,,,,,,,,,,,,,,,,,,,,,,,,,,,,,,,,,,,,
CHOCOLATE,,,,,,,,,,,,,,,,,,,,,,,,,,,,,,,,,,,,,,,
CHOCOLATE,TEA POWDER,,,,,,,,,,,,,,,,,,,,,,,,,,,,,,,,,,,,,,
DETERGENT POWDER,TEA POWDER,BATHING SOAP,PAPAD,WASHING BAR,DISHWASH BAR,SALT,TOOTH PASTE,COOKING OIL,,,,,,,,,,,,,,,,,,,,,,,,,,,,,,,
BISCUIT,COOKING OIL,BISCUIT,DISHWASH BAR,BATHING SOAP,TEA POWDER,WASHING BAR,TOOTH PASTE,DETERGENT POWDER,BATHING SOAP,,,,,,,,,,,,,,,,,,,,,,,,,,,,,,
TOOTH PASTE,JAM,JAM,CHOCOLATE,,,,,,,,,,,,,,,,,,,,,,,,,,,,,,,,,,,,
SALT,BISCUIT,,,,,,,,,,,,,,,,,,,,,,,,,,,,,,,,,,,,,,
SALT,,,,,,,,,,,,,,,,,,,,,,,,,,,,,,,,,,,,,,,
SALT,COOKING OIL,COFFEE,,,,,,,,,,,,,,,,,,,,,,,,,,,,,,,,,,,,,
BATHING SOAP,BATHING SOAP,WASHING BAR,,,,,,,,,,,,,,,,,,,,,,,,,,,,,,,,,,,,,
DISHWASH BAR,,,,,,,,,,,,,,,,,,,,,,,,,,,,,,,,,,,,,,,
DETERGENT POWDER,,,,,,,,,,,,,,,,,,,,,,,,,,,,,,,,,,,,,,,
COFFEE,,,,,,,,,,,,,,,,,,,,,,,,,,,,,,,,,,,,,,,
DISHWASH BAR,DETERGENT POWDER,BATHING SOAP,,,,,,,,,,,,,,,,,,,,,,,,,,,,,,,,,,,,,
BATHING SOAP,DISHWASH BAR,KETCHUP,,,,,,,,,,,,,,,,,,,,,,,,,,,,,,,,,,,,,
BISCUIT,BATHING SOAP,TEA POWDER,,,,,,,,,,,,,,,,,,,,,,,,,,,,,,,,,,,,,
BOURNVITA,CHOCOLATE,BATHING SOAP,BATHING SOAP,CHOCOLATE,WASHING BAR,,,,,,,,,,,,,,,,,,,,,,,,,,,,,,,,,,
DETERGENT POWDER,FACE CREAM,WASHING BAR,TOOTH BRUSH,TOOTH PASTE,DISHWASH BAR,TEA POWDER,SALT,BISCUIT,PAPAD,NOODLES,KETCHUP,SALT,COFFEE,BISCUIT,BISCUIT,BATHING SOAP,HAIR OIL,BISCUIT,PASTA,HAIR OILL,BATHING SOAP,COFFEE,,,,,,,,,,,,,,,,,
CHOCOLATE,,,,,,,,,,,,,,,,,,,,,,,,,,,,,,,,,,,,,,,
HAIR OIL,COOKING OIL,CHOCOLATE,BISCUIT,,,,,,,,,,,,,,,,,,,,,,,,,,,,,,,,,,,,
COOKING OIL,,,,,,,,,,,,,,,,,,,,,,,,,,,,,,,,,,,,,,,
WASHING BAR,DISHWASH BAR,TOOTH PASTE,WASHING BAR,TOOTH POWDER,,,,,,,,,,,,,,,,,,,,,,,,,,,,,,,,,,,
SUGAR,COOKING OIL,COOKING OIL,,,,,,,,,,,,,,,,,,,,,,,,,,,,,,,,,,,,,
SALT,TEA POWDER,CHOCOLATE,,,,,,,,,,,,,,,,,,,,,,,,,,,,,,,,,,,,,
WASHING BAR,WASHING BAR,,,,,,,,,,,,,,,,,,,,,,,,,,,,,,,,,,,,,,
BISCUIT,BISCUIT,BISCUIT,WASHING BAR,SALT,TOOTH PASTE,PASTA,WASHING BAR,SUGAR,JAM,BISCUIT,BATHING SOAP,,,,,,,,,,,,,,,,,,,,,,,,,,,,
DISHWASH BAR,DETERGENT POWDER,BATHING SOAP,WASHING BAR,,,,,,,,,,,,,,,,,,,,,,,,,,,,,,,,,,,,
BATHING SOAP,HAIR OIL,TOOTH PASTE,,,,,,,,,,,,,,,,,,,,,,,,,,,,,,,,,,,,,
BISCUIT,BISCUIT,DISHWASH BAR,DETERGENT POWDER,BATHING SOAP,WASHING BAR,,,,,,,,,,,,,,,,,,,,,,,,,,,,,,,,,,
PAPAD,,,,,,,,,,,,,,,,,,,,,,,,,,,,,,,,,,,,,,,
CHOCOLATE,PASTA,BATHING SOAP,DETERGENT LIQUID,WASHING BAR,DISHWASH LIQUID,WASHING BAR,DETERGENT POWDER,TOOTH PASTE,HAIR OIL,BATHING SOAP,SUGAR,SALT,COOKING OIL,BISCUIT,TEA POWDER,BISCUIT,,,,,,,,,,,,,,,,,,,,,,,
BISCUIT,BISCUIT,,,,,,,,,,,,,,,,,,,,,,,,,,,,,,,,,,,,,,
BISCUIT,BISCUIT,COFFEE,BATHING SOAP, ,,,,,,,,,,,,,,,,,,,,,,,,,,,,,,,,,,,
COOKING OIL,TOOTH PASTE,DETERGENT POWDER,DISHWASH BAR,BATHING SOAP,HAIR OIL,DETERGENT POWDER,TOOTH PASTE,TOOTH PASTE,,,,,,,,,,,,,,,,,,,,,,,,,,,,,,,
CHOCOLATE,SALT,DETERGENT POWDER,DETERGENT POWDER,WASHING BAR,WASHING BAR,BATHING SOAP,COFFEE,,,,,,,,,,,,,,,,,,,,,,,,,,,,,,,,
BISCUIT,SALT,CHOCOLATE,CHOCOLATE,TEA POWDER,WASHING BAR,DISHWASH BAR,,,,,,,,,,,,,,,,,,,,,,,,,,,,,,,,,
DETERGENT POWDER,TOOTH PASTE,BISCUIT,TEA POWDER,,,,,,,,,,,,,,,,,,,,,,,,,,,,,,,,,,,,
WASHING BAR,BISCUIT,COFFEE,COFFEE,BISCUIT,BISCUIT,,,,,,,,,,,,,,,,,,,,,,,,,,,,,,,,,,
TOOTH BRUSH,BOURNVITA,BATHING SOAP,,,,,,,,,,,,,,,,,,,,,,,,,,,,,,,,,,,,,
TOOTH BRUSH,,,,,,,,,,,,,,,,,,,,,,,,,,,,,,,,,,,,,,,
WASHING BAR,BATHING SOAP,BATHING SOAP,BATHING SOAP,,,,,,,,,,,,,,,,,,,,,,,,,,,,,,,,,,,,
TOOTH PASTE,,,,,,,,,,,,,,,,,,,,,,,,,,,,,,,,,,,,,,,
HAND WASH,NOODLES,BISCUIT,,,,,,,,,,,,,,,,,,,,,,,,,,,,,,,,,,,,,
SALT,,,,,,,,,,,,,,,,,,,,,,,,,,,,,,,,,,,,,,,
DISHWASH LIQUID,HAND WASH,,,,,,,,,,,,,,,,,,,,,,,,,,,,,,,,,,,,,,
COOKING OIL,DISHWASH BAR,TOOTH PASTE,DETERGENT POWDER,WASHING BAR,BATHING SOAP,TEA POWDER,,,,,,,,,,,,,,,,,,,,,,,,,,,,,,,,,
DISHWASH BAR,WASHING BAR,COOKING OIL,BOURNVITA,TEA POWDER,,,,,,,,,,,,,,,,,,,,,,,,,,,,,,,,,,,
COFFEE,WASHING BAR,WASHING BAR,,,,,,,,,,,,,,,,,,,,,,,,,,,,,,,,,,,,,
SALT,BATHING SOAP,WASHING BAR,BISCUIT,BISCUIT,DETERGENT POWDER,TOOTH PASTE,BISCUIT,BISCUIT,,,,,,,,,,,,,,,,,,,,,,,,,,,,,,,
TOOTH PASTE,WASHING BAR,DETERGENT POWDER,SUGAR,SALT,BISCUIT,BISCUIT,,,,,,,,,,,,,,,,,,,,,,,,,,,,,,,,,
CHOCOLATE,,,,,,,,,,,,,,,,,,,,,,,,,,,,,,,,,,,,,,,
BISCUIT,DETERGENT POWDER,COOKING OIL,,,,,,,,,,,,,,,,,,,,,,,,,,,,,,,,,,,,,
TOOTH BRUSH,,,,,,,,,,,,,,,,,,,,,,,,,,,,,,,,,,,,,,,
BATHING SOAP,DISHWASH BAR,,,,,,,,,,,,,,,,,,,,,,,,,,,,,,,,,,,,,,
BISCUIT,WASHING BAR,,,,,,,,,,,,,,,,,,,,,,,,,,,,,,,,,,,,,,
SALT,NOODLES,NOODLES,,,,,,,,,,,,,,,,,,,,,,,,,,,,,,,,,,,,,
CHOCOLATE,DISHWASH BAR,COFFEE,SALT,BISCUIT,BISCUIT,BISCUIT,,,,,,,,,,,,,,,,,,,,,,,,,,,,,,,,,
DETERGENT POWDER,DISHWASH BAR,,,,,,,,,,,,,,,,,,,,,,,,,,,,,,,,,,,,,,
WASHING BAR,BATHING SOAP,BATHING SOAP,TOOTH PASTE,DISHWASH LIQUID,,,,,,,,,,,,,,,,,,,,,,,,,,,,,,,,,,,
TOOTH BRUSH,,,,,,,,,,,,,,,,,,,,,,,,,,,,,,,,,,,,,,,
TOOTH BRUSH,SALT,NOODLES,TOOTH PASTE,BATHING SOAP,GOOD KNIGHT LIQUID,BATHING SOAP,WASHING BAR,DETERGENT POWDER,WASHING BAR,COFFEE,CHOCOLATE,TOOTH PASTE,,,,,,,,,,,,,,,,,,,,,,,,,,,
COFFEE,DISHWASH BAR,SUGAR,,,,,,,,,,,,,,,,,,,,,,,,,,,,,,,,,,,,,
CHOCOLATE,,,,,,,,,,,,,,,,,,,,,,,,,,,,,,,,,,,,,,,
WASHING BAR,,,,,,,,,,,,,,,,,,,,,,,,,,,,,,,,,,,,,,,
BISCUIT,BISCUIT,,,,,,,,,,,,,,,,,,,,,,,,,,,,,,,,,,,,,,
WASHING BAR,,,,,,,,,,,,,,,,,,,,,,,,,,,,,,,,,,,,,,,
TEA POWDER,,,,,,,,,,,,,,,,,,,,,,,,,,,,,,,,,,,,,,,
GOOD KNIGHT LIQUID,CHOCOLATE,BISCUIT,,,,,,,,,,,,,,,,,,,,,,,,,,,,,,,,,,,,,
COOKING OIL,,,,,,,,,,,,,,,,,,,,,,,,,,,,,,,,,,,,,,,
SUGAR,PAPAD,TOOTH PASTE,DISHWASH BAR,DETERGENT POWDER,WASHING BAR,,,,,,,,,,,,,,,,,,,,,,,,,,,,,,,,,,
SHAMPOO,,,,,,,,,,,,,,,,,,,,,,,,,,,,,,,,,,,,,,,
BISCUIT,,,,,,,,,,,,,,,,,,,,,,,,,,,,,,,,,,,,,,,
BISCUIT,TOOTH POWDER,BATHING SOAP,BISCUIT,SALT,,,,,,,,,,,,,,,,,,,,,,,,,,,,,,,,,,,
SUGAR,TEA POWDER,TEA POWDER,BISCUIT,BISCUIT,KETCHUP,BATHING SOAP,WASHING BAR,DISHWASH BAR,WASHING BAR,WASHING BAR,,,,,,,,,,,,,,,,,,,,,,,,,,,,,
TEA POWDER,BISCUIT,,,,,,,,,,,,,,,,,,,,,,,,,,,,,,,,,,,,,,
COFFEE,CHOCOLATE,,,,,,,,,,,,,,,,,,,,,,,,,,,,,,,,,,,,,,
WASHING BAR,DETERGENT POWDER,BATHING SOAP,,,,,,,,,,,,,,,,,,,,,,,,,,,,,,,,,,,,,
KETCHUP,BISCUIT,,,,,,,,,,,,,,,,,,,,,,,,,,,,,,,,,,,,,,
TEA POWDER,TOOTH BRUSH,HAIR OILL,DISHWASH BAR,SALT,DETERGENT POWDER,TEA POWDER,KETCHUP,TOOTH BRUSH,,,,,,,,,,,,,,,,,,,,,,,,,,,,,,,
DISHWASH BAR,DETERGENT POWDER,PAPAD,WASHING BAR,DETERGENT POWDER,TOOTH PASTE,WASHING BAR,,,,,,,,,,,,,,,,,,,,,,,,,,,,,,,,,
BATHING SOAP,CHOCOLATE,,,,,,,,,,,,,,,,,,,,,,,,,,,,,,,,,,,,,,
TOOTH PASTE,NOODLES,BISCUIT,,,,,,,,,,,,,,,,,,,,,,,,,,,,,,,,,,,,,
BATHING SOAP,,,,,,,,,,,,,,,,,,,,,,,,,,,,,,,,,,,,,,,
BISCUIT,TOOTH PASTE,BISCUIT,TEA POWDER,WASHING BAR,FACE WASH,DETERGENT POWDER,CHOCOLATE,,,,,,,,,,,,,,,,,,,,,,,,,,,,,,,,
BISCUIT,SALT,TEA POWDER,TEA POWDER,COFFEE,COOKING OIL,TOOTH PASTE,SHAMOO,JB BABY WD,DETERGENT POWDER,WASHING BAR,DISHWASH BAR,BATHING SOAP,BATHING SOAP,SHAMPOO,PAPAD,COFFEE,,,,,,,,,,,,,,,,,,,,,,,
TEA POWDER,CHOCOLATE,CHOCOLATE,BISCUIT,,,,,,,,,,,,,,,,,,,,,,,,,,,,,,,,,,,,
BATHING SOAP,,,,,,,,,,,,,,,,,,,,,,,,,,,,,,,,,,,,,,,
KETCHUP,COOKING OIL,,,,,,,,,,,,,,,,,,,,,,,,,,,,,,,,,,,,,,
SHAMPOO,BISCUIT,BISCUIT,TOOTH PASTE,WASHING BAR,DISHWASH BAR,WASHING BAR,WASHING BAR,BATHING SOAP,DETERGENT POWDER,WASHING BAR,,,,,,,,,,,,,,,,,,,,,,,,,,,,,
TEA POWDER,COOKING OIL,,,,,,,,,,,,,,,,,,,,,,,,,,,,,,,,,,,,,,
TOOTH PASTE,BATHING SOAP,,,,,,,,,,,,,,,,,,,,,,,,,,,,,,,,,,,,,,
TOOTH PASTE,BATHING SOAP,WASHING BAR,DISHWASH BAR,JAM,PASTA,TOOTH BRUSH,BISCUIT,BISCUIT,TOOTH PASTE,,,,,,,,,,,,,,,,,,,,,,,,,,,,,,
COOKING OIL,,,,,,,,,,,,,,,,,,,,,,,,,,,,,,,,,,,,,,,
COOKING OIL,,,,,,,,,,,,,,,,,,,,,,,,,,,,,,,,,,,,,,,
BATHING SOAP,TOOTH PASTE,COOKING OIL,,,,,,,,,,,,,,,,,,,,,,,,,,,,,,,,,,,,,
BATHING SOAP,WASHING BAR,,,,,,,,,,,,,,,,,,,,,,,,,,,,,,,,,,,,,,
BATHING SOAP,BATHING SOAP,TOOTH PASTE,CHOCOLATE,COFFEE,DISHWASH BAR,SALT,,,,,,,,,,,,,,,,,,,,,,,,,,,,,,,,,
BISCUIT,BISCUIT,TOOTH PASTE,WASHING BAR,BATHING SOAP,DISHWASH BAR,DETERGENT POWDER,PAPAD,DETERGENT LIQUID,,,,,,,,,,,,,,,,,,,,,,,,,,,,,,,
SALT,PAPAD,,,,,,,,,,,,,,,,,,,,,,,,,,,,,,,,,,,,,,
DISHWASH LIQUID,BISCUIT,BATHING SOAP,BISCUIT,,,,,,,,,,,,,,,,,,,,,,,,,,,,,,,,,,,,
WASHING BAR,DISHWASH LIQUID,BISCUIT,DISHWASH BAR,,,,,,,,,,,,,,,,,,,,,,,,,,,,,,,,,,,,
BISCUIT,PAPAD,,,,,,,,,,,,,,,,,,,,,,,,,,,,,,,,,,,,,,
WASHING BAR,SHAMOO+CONDIONER,,,,,,,,,,,,,,,,,,,,,,,,,,,,,,,,,,,,,,
BATHING SOAP,,,,,,,,,,,,,,,,,,,,,,,,,,,,,,,,,,,,,,,
COOKING OIL,DETERGENT POWDER,,,,,,,,,,,,,,,,,,,,,,,,,,,,,,,,,,,,,,
PAPAD,CHOCOLATE,,,,,,,,,,,,,,,,,,,,,,,,,,,,,,,,,,,,,,
PAPAD,,,,,,,,,,,,,,,,,,,,,,,,,,,,,,,,,,,,,,,
TOOTH BRUSH,NOODLES,WASHING BAR,WASHING BAR,BATHING SOAP,DISHWASH BAR,DISHWASH BAR,DISHWASH BAR,DETERGENT POWDER,WASHING BAR,DISHWASH BAR,,,,,,,,,,,,,,,,,,,,,,,,,,,,,
BISCUIT,,,,,,,,,,,,,,,,,,,,,,,,,,,,,,,,,,,,,,,
BISCUIT,BISCUIT,BISCUIT,TOOTH PASTE,DETERGENT POWDER,,,,,,,,,,,,,,,,,,,,,,,,,,,,,,,,,,,
COFFEE,COFFEE,BOURNVITA,,,,,,,,,,,,,,,,,,,,,,,,,,,,,,,,,,,,,
BISCUIT,NOODLES,BISCUIT,SUGAR,COOKING OIL,,,,,,,,,,,,,,,,,,,,,,,,,,,,,,,,,,,
BISCUIT,BISCUIT,,,,,,,,,,,,,,,,,,,,,,,,,,,,,,,,,,,,,,
DISHWASH BAR,,,,,,,,,,,,,,,,,,,,,,,,,,,,,,,,,,,,,,,
SALT,PASTA,SALT,JAM,HAIR OIL,BISCUIT,BISCUIT,BISCUIT,SALT,,,,,,,,,,,,,,,,,,,,,,,,,,,,,,,
JAM,DISHWASH BAR,,,,,,,,,,,,,,,,,,,,,,,,,,,,,,,,,,,,,,
DETERGENT POWDER,DETERGENT POWDER,DISHWASH BAR,DETERGENT POWDER,TEA POWDER,,,,,,,,,,,,,,,,,,,,,,,,,,,,,,,,,,,
SUGAR,,,,,,,,,,,,,,,,,,,,,,,,,,,,,,,,,,,,,,,
BISCUIT,BISCUIT,COOKING OIL,,,,,,,,,,,,,,,,,,,,,,,,,,,,,,,,,,,,,
BISCUIT,,,,,,,,,,,,,,,,,,,,,,,,,,,,,,,,,,,,,,,
BATHING SOAP,,,,,,,,,,,,,,,,,,,,,,,,,,,,,,,,,,,,,,,
CHOCOLATE,CHOCOLATE,,,,,,,,,,,,,,,,,,,,,,,,,,,,,,,,,,,,,,
TOOTH PASTE,FACE WASH,COFFEE,SHAMPOO,,,,,,,,,,,,,,,,,,,,,,,,,,,,,,,,,,,,
DETERGENT POWDER,SALT,WASHING BAR,,,,,,,,,,,,,,,,,,,,,,,,,,,,,,,,,,,,,
TEA POWDER,SALT,SUGAR,CHOCOLATE,BATHING SOAP,WASHING BAR,DISHWASH BAR,,,,,,,,,,,,,,,,,,,,,,,,,,,,,,,,,
CHOCOLATE,SHAMOO,BISCUIT,CHOCOLATE,,,,,,,,,,,,,,,,,,,,,,,,,,,,,,,,,,,,
BATHING SOAP,WASHING BAR,WASHING BAR,BISCUIT,BISCUIT,TEA POWDER,TOOTH PASTE,DISHWASH BAR,SALT,BATHING SOAP,WASHING BAR,DETERGENT POWDER,,,,,,,,,,,,,,,,,,,,,,,,,,,,
TEA POWDER,COOKING OIL,BISCUIT,PAPAD,,,,,,,,,,,,,,,,,,,,,,,,,,,,,,,,,,,,
SUGAR,SALT,TEA POWDER,PAPAD,TEA POWDER,DETERGENT POWDER,TOOTH PASTE,BATHING SOAP,FACE CREAM,TOOTH BRUSH,DETERGENT POWDER,HAIR OIL,BATHING SOAP,CHOCOLATE,DETERGENT LIQUID,DISHWASH LIQUID,BISCUIT,BISCUIT,BISCUIT,BISCUIT,BISCUIT,PAPAD,TOOTH PASTE,GOOD KNIGHT LIQUID,SALT,WASHING BAR,,,,,,,,,,,,,,
PAPAD,,,,,,,,,,,,,,,,,,,,,,,,,,,,,,,,,,,,,,,
PASTA,TOOTH PASTE,SALT,BISCUIT,COFFEE,,,,,,,,,,,,,,,,,,,,,,,,,,,,,,,,,,,
CHOCOLATE,,,,,,,,,,,,,,,,,,,,,,,,,,,,,,,,,,,,,,,
SALT,SALT,PAPAD,WASHING BAR,WASHING BAR,WASHING BAR,DETERGENT POWDER,DETERGENT POWDER,,,,,,,,,,,,,,,,,,,,,,,,,,,,,,,,
SALT,,,,,,,,,,,,,,,,,,,,,,,,,,,,,,,,,,,,,,,
SHAMPOO,,,,,,,,,,,,,,,,,,,,,,,,,,,,,,,,,,,,,,,
BISCUIT,CHOCOLATE,,,,,,,,,,,,,,,,,,,,,,,,,,,,,,,,,,,,,,
CHOCOLATE,TEA POWDER,,,,,,,,,,,,,,,,,,,,,,,,,,,,,,,,,,,,,,
DETERGENT POWDER,,,,,,,,,,,,,,,,,,,,,,,,,,,,,,,,,,,,,,,
JAM,,,,,,,,,,,,,,,,,,,,,,,,,,,,,,,,,,,,,,,
DISHWASH BAR,,,,,,,,,,,,,,,,,,,,,,,,,,,,,,,,,,,,,,,
TEA POWDER,BISCUIT,,,,,,,,,,,,,,,,,,,,,,,,,,,,,,,,,,,,,,
HAIR OILL,,,,,,,,,,,,,,,,,,,,,,,,,,,,,,,,,,,,,,,
DISHWASH BAR,,,,,,,,,,,,,,,,,,,,,,,,,,,,,,,,,,,,,,,
DETERGENT POWDER,BISCUIT,WASHING BAR,,,,,,,,,,,,,,,,,,,,,,,,,,,,,,,,,,,,,
TEA POWDER,COFFEE,,,,,,,,,,,,,,,,,,,,,,,,,,,,,,,,,,,,,,
BISCUIT,BISCUIT,BATHING SOAP,SHAMPOO,PAPAD,DISHWASH BAR,WASHING BAR,DETERGENT POWDER,DETERGENT POWDER,SALT,DETERGENT POWDER,,,,,,,,,,,,,,,,,,,,,,,,,,,,,
DETERGENT POWDER,WASHING BAR,BISCUIT,BATHING SOAP,,,,,,,,,,,,,,,,,,,,,,,,,,,,,,,,,,,,
DISHWASH BAR,SALT,,,,,,,,,,,,,,,,,,,,,,,,,,,,,,,,,,,,,,
WASHING BAR,CHOCOLATE,,,,,,,,,,,,,,,,,,,,,,,,,,,,,,,,,,,,,,
COFFEE,DISHWASH BAR,SALT,,,,,,,,,,,,,,,,,,,,,,,,,,,,,,,,,,,,,
COOKING OIL,FACE CREAM,,,,,,,,,,,,,,,,,,,,,,,,,,,,,,,,,,,,,,
BATHING SOAP,BISCUIT,BISCUIT,BATHING SOAP,,,,,,,,,,,,,,,,,,,,,,,,,,,,,,,,,,,,
COOKING OIL,SHAMPOO,,,,,,,,,,,,,,,,,,,,,,,,,,,,,,,,,,,,,,
DETERGENT POWDER,TOOTH PASTE,DISHWASH BAR,WASHING BAR,,,,,,,,,,,,,,,,,,,,,,,,,,,,,,,,,,,,
PAPAD,NOODLES,NOODLES,KETCHUP,KETCHUP,,,,,,,,,,,,,,,,,,,,,,,,,,,,,,,,,,,
BISCUIT,BATHING SOAP,GOOD KNIGHT LIQUID,DETERGENT POWDER,DISHWASH BAR,FACE CREAM,BISCUIT,COFFEE,,,,,,,,,,,,,,,,,,,,,,,,,,,,,,,,
DETERGENT POWDER,BISCUIT,,,,,,,,,,,,,,,,,,,,,,,,,,,,,,,,,,,,,,
DETERGENT POWDER,WASHING BAR,TOOTH PASTE,BISCUIT,,,,,,,,,,,,,,,,,,,,,,,,,,,,,,,,,,,,
COOKING OIL,,,,,,,,,,,,,,,,,,,,,,,,,,,,,,,,,,,,,,,
DETERGENT POWDER,BATHING SOAP,,,,,,,,,,,,,,,,,,,,,,,,,,,,,,,,,,,,,,
HAIR OIL,HAIR OIL,,,,,,,,,,,,,,,,,,,,,,,,,,,,,,,,,,,,,,
DETERGENT POWDER,,,,,,,,,,,,,,,,,,,,,,,,,,,,,,,,,,,,,,,
COOKING OIL,TEA POWDER,BATHING SOAP,BATHING SOAP,DISHWASH LIQUID,TOOTH BRUSH,COOKING OIL,,,,,,,,,,,,,,,,,,,,,,,,,,,,,,,,,
DETERGENT POWDER,PAPAD,DETERGENT POWDER,BISCUIT,TOOTH BRUSH,WASHING BAR,COOKING OIL,BISCUIT,SALT,COOKING OIL,NOODLES,NOODLES,DETERGENT POWDER,DISHWASH BAR,WASHING BAR,BATHING SOAP,,,,,,,,,,,,,,,,,,,,,,,,
BISCUIT,WASHING BAR,,,,,,,,,,,,,,,,,,,,,,,,,,,,,,,,,,,,,,
COOKING OIL,TOOTH BRUSH,,,,,,,,,,,,,,,,,,,,,,,,,,,,,,,,,,,,,,
CHOCOLATE,,,,,,,,,,,,,,,,,,,,,,,,,,,,,,,,,,,,,,,
COFFEE,TOOTH BRUSH,,,,,,,,,,,,,,,,,,,,,,,,,,,,,,,,,,,,,,
DISHWASH BAR,,,,,,,,,,,,,,,,,,,,,,,,,,,,,,,,,,,,,,,
NOODLES,CHOCOLATE,TEA POWDER,COOKING OIL,TEA POWDER,,,,,,,,,,,,,,,,,,,,,,,,,,,,,,,,,,,
WASHING BAR,BISCUIT,,,,,,,,,,,,,,,,,,,,,,,,,,,,,,,,,,,,,,
BISCUIT,,,,,,,,,,,,,,,,,,,,,,,,,,,,,,,,,,,,,,,
WASHING BAR,DETERGENT POWDER,BISCUIT,TOOTH PASTE,DETERGENT POWDER,DETERGENT POWDER,WASHING BAR,,,,,,,,,,,,,,,,,,,,,,,,,,,,,,,,,
WASHING BAR,BATHING SOAP,,,,,,,,,,,,,,,,,,,,,,,,,,,,,,,,,,,,,,
TOOTH PASTE,,,,,,,,,,,,,,,,,,,,,,,,,,,,,,,,,,,,,,,
COOKING OIL,BISCUIT,BISCUIT,WASHING BAR,DISHWASH BAR,DISHWASH BAR,WASHING BAR,,,,,,,,,,,,,,,,,,,,,,,,,,,,,,,,,
DETERGENT POWDER,HAIR OIL,BISCUIT,BISCUIT,BATHING SOAP,TEA POWDER,BISCUIT,BATHING SOAP,BATHING SOAP,DETERGENT LIQUID,CHOCOLATE,,,,,,,,,,,,,,,,,,,,,,,,,,,,,
TEA POWDER,WASHING BAR,WASHING BAR,BISCUIT,BOURNVITA,BISCUIT,,,,,,,,,,,,,,,,,,,,,,,,,,,,,,,,,,
DETERGENT POWDER,,,,,,,,,,,,,,,,,,,,,,,,,,,,,,,,,,,,,,,
FACE WASH,,,,,,,,,,,,,,,,,,,,,,,,,,,,,,,,,,,,,,,
BISCUIT,BISCUIT,,,,,,,,,,,,,,,,,,,,,,,,,,,,,,,,,,,,,,
DISHWASH LIQUID,BATHING SOAP,,,,,,,,,,,,,,,,,,,,,,,,,,,,,,,,,,,,,,
BISCUIT,BISCUIT,BISCUIT,BISCUIT,,,,,,,,,,,,,,,,,,,,,,,,,,,,,,,,,,,,
DISHWASH BAR,SALT,DETERGENT POWDER,,,,,,,,,,,,,,,,,,,,,,,,,,,,,,,,,,,,,
CHOCOLATE,,,,,,,,,,,,,,,,,,,,,,,,,,,,,,,,,,,,,,,
KETCHUP,JAM,TEA POWDER,,,,,,,,,,,,,,,,,,,,,,,,,,,,,,,,,,,,,
CHOCOLATE,,,,,,,,,,,,,,,,,,,,,,,,,,,,,,,,,,,,,,,
TEA POWDER,SHAMPOO,,,,,,,,,,,,,,,,,,,,,,,,,,,,,,,,,,,,,,
DISHWASH BAR,,,,,,,,,,,,,,,,,,,,,,,,,,,,,,,,,,,,,,,
TEA POWDER,SALT,TEA POWDER,COFFEE,BISCUIT,BISCUIT,PAPAD,BISCUIT,BISCUIT,BISCUIT,BISCUIT,TOOTH PASTE,TOOTH PASTE,TOOTH PASTE,WASHING BAR,DETERGENT POWDER,BATHING SOAP,BATHING SOAP,BATHING SOAP,BATHING SOAP,,,,,,,,,,,,,,,,,,,,
BISCUIT,SALT,BISCUIT,JAM,COFFEE,CHOCOLATE,CHOCOLATE,BISCUIT,TEA POWDER,DETERGENT POWDER,SALT,,,,,,,,,,,,,,,,,,,,,,,,,,,,,
BISCUIT,BISCUIT,BISCUIT,BISCUIT,BATHING SOAP,WASHING BAR,DISHWASH BAR,,,,,,,,,,,,,,,,,,,,,,,,,,,,,,,,,
COOKING OIL,BATHING SOAP,DETERGENT POWDER,,,,,,,,,,,,,,,,,,,,,,,,,,,,,,,,,,,,,
BISCUIT,DETERGENT POWDER,DISHWASH BAR,,,,,,,,,,,,,,,,,,,,,,,,,,,,,,,,,,,,,
BISCUIT,,,,,,,,,,,,,,,,,,,,,,,,,,,,,,,,,,,,,,,
BATHING SOAP,TEA POWDER,SALT,,,,,,,,,,,,,,,,,,,,,,,,,,,,,,,,,,,,,
TOOTH PASTE,,,,,,,,,,,,,,,,,,,,,,,,,,,,,,,,,,,,,,,
WASHING BAR,WASHING BAR,,,,,,,,,,,,,,,,,,,,,,,,,,,,,,,,,,,,,,
COOKING OIL,TOOTH BRUSH,DETERGENT POWDER,TOOTH BRUSH,TOOTH BRUSH,TOOTH BRUSH,TOOTH BRUSH,COFFEE,BISCUIT,BISCUIT,,,,,,,,,,,,,,,,,,,,,,,,,,,,,,
TOOTH PASTE,TOOTH BRUSH,,,,,,,,,,,,,,,,,,,,,,,,,,,,,,,,,,,,,,
CHOCOLATE,TOOTH BRUSH,BISCUIT,CHOCOLATE,WASHING BAR,BATHING SOAP,SALT,,,,,,,,,,,,,,,,,,,,,,,,,,,,,,,,,
BISCUIT,DISHWASH BAR,HAIR OIL,JAM,BATHING SOAP,WASHING BAR,TEA POWDER,DISHWASH BAR,TOOTH PASTE,SUGAR,SALT,WASHING BAR,SHAMOO,TEA POWDER,TEA POWDER,BISCUIT,BOURNVITA,WASHING BAR,WASHING BAR,,,,,,,,,,,,,,,,,,,,,
DISHWASH BAR,,,,,,,,,,,,,,,,,,,,,,,,,,,,,,,,,,,,,,,
TOOTH PASTE,,,,,,,,,,,,,,,,,,,,,,,,,,,,,,,,,,,,,,,
COOKING OIL,BISCUIT,,,,,,,,,,,,,,,,,,,,,,,,,,,,,,,,,,,,,,
BISCUIT,,,,,,,,,,,,,,,,,,,,,,,,,,,,,,,,,,,,,,,
SUGAR,SALT,,,,,,,,,,,,,,,,,,,,,,,,,,,,,,,,,,,,,,
BATHING SOAP,WASHING BAR,BISCUIT,,,,,,,,,,,,,,,,,,,,,,,,,,,,,,,,,,,,,
WASHING LIQUID,BATHING SOAP,SHAMPOO,SHAMPOO,,,,,,,,,,,,,,,,,,,,,,,,,,,,,,,,,,,,
SALT,JAM,COOKING OIL,BISCUIT,DISHWASH BAR,WASHING BAR,BISCUIT,DETERGENT POWDER,,,,,,,,,,,,,,,,,,,,,,,,,,,,,,,,
CHOCOLATE,CHOCOLATE,,,,,,,,,,,,,,,,,,,,,,,,,,,,,,,,,,,,,,
DISHWASH BAR,,,,,,,,,,,,,,,,,,,,,,,,,,,,,,,,,,,,,,,
BISCUIT,TEA POWDER,TEA POWDER,,,,,,,,,,,,,,,,,,,,,,,,,,,,,,,,,,,,,
CHOCOLATE,,,,,,,,,,,,,,,,,,,,,,,,,,,,,,,,,,,,,,,
COOKING OIL,SALT,,,,,,,,,,,,,,,,,,,,,,,,,,,,,,,,,,,,,,
DETERGENT POWDER,,,,,,,,,,,,,,,,,,,,,,,,,,,,,,,,,,,,,,,
PAPAD,COFFEE,DISHWASH,,,,,,,,,,,,,,,,,,,,,,,,,,,,,,,,,,,,,
TEA POWDER,COOKING OIL,,,,,,,,,,,,,,,,,,,,,,,,,,,,,,,,,,,,,,
PASTA,BATHING SOAP,BATHING SOAP,,,,,,,,,,,,,,,,,,,,,,,,,,,,,,,,,,,,,
TOOTH BRUSH,PAPAD,COOKING OIL,,,,,,,,,,,,,,,,,,,,,,,,,,,,,,,,,,,,,
NOODLES,,,,,,,,,,,,,,,,,,,,,,,,,,,,,,,,,,,,,,,
BISCUIT,,,,,,,,,,,,,,,,,,,,,,,,,,,,,,,,,,,,,,,
BATHING SOAP,SHAMPOO,COOKING OIL,COOKING OIL,COFFEE,CHOCOLATE,COOKING OIL,COOKING OIL,CHOCOLATE,,,,,,,,,,,,,,,,,,,,,,,,,,,,,,,
BISCUIT,BOURNVITA,KETCHUP,CHOCOLATE,CHOCOLATE,COFFEE,,,,,,,,,,,,,,,,,,,,,,,,,,,,,,,,,,
BISCUIT,,,,,,,,,,,,,,,,,,,,,,,,,,,,,,,,,,,,,,,
DETERGENT POWDER,WASHING BAR,BATHING SOAP,WASHING BAR,COOKING OIL,SALT,WASHING BAR,BISCUIT,TEA POWDER,DISHWASH LIQUID,DISHWASH LIQUID,SALT,COOKING OIL,BISCUIT,BISCUIT,PAPAD,HAND WASH,DETERGENT POWDER,KETCHUP,DISHWASH BAR,NOODLES,DETERGENT POWDER,DETERGENT POWDER,WASHING BAR,DETERGENT POWDER,DISHWASH BAR,SHAMPOO,BATHING SOAP,DETERGENT POWDER,BATHING SOAP,COOKING OIL,BISCUIT,CHOCOLATE,,,,,,,
DISHWASH BAR,TOOTH PASTE,BISCUIT,BISCUIT,TOOTH BRUSH,BISCUIT,SALT,BISCUIT,HAIR OIL,WASHING BAR,BISCUIT,BATHING SOAP,FACE WASH, BOURNVITA, BOURNVITA,TOOTH PASTE,DETERGENT POWDER,TEA POWDER,,,,,,,,,,,,,,,,,,,,,,
DETERGENT POWDER,TEA POWDER,TOOTH PASTE,SUGAR,SALT,DISHWASH BAR,WASHING BAR,BATHING SOAP,,,,,,,,,,,,,,,,,,,,,,,,,,,,,,,,
WASHING BAR,WASHING BAR,WASHING BAR,DETERGENT POWDER,DISHWASH BAR,COFFEE,BISCUIT,BISCUIT,BISCUIT,BISCUIT,,,,,,,,,,,,,,,,,,,,,,,,,,,,,,
CHOCOLATE,COOKING OIL,CHOCOLATE,BISCUIT,COFFEE,BISCUIT,COFFEE,TOOTH PASTE,SALT,TOOTH PASTE,WASHING BAR,,,,,,,,,,,,,,,,,,,,,,,,,,,,,
DETERGENT POWDER,COFFEE,,,,,,,,,,,,,,,,,,,,,,,,,,,,,,,,,,,,,,
DETERGENT POWDER,DETERGENT POWDER,DETERGENT POWDER,DETERGENT POWDER,,,,,,,,,,,,,,,,,,,,,,,,,,,,,,,,,,,,
BISCUIT,,,,,,,,,,,,,,,,,,,,,,,,,,,,,,,,,,,,,,,
PAPAD,,,,,,,,,,,,,,,,,,,,,,,,,,,,,,,,,,,,,,,
TOOTH PASTE,DISHWASH BAR,DISHWASH BAR,DETERGENT LIQUID,,,,,,,,,,,,,,,,,,,,,,,,,,,,,,,,,,,,
COOKING OIL,DETERGENT POWDER,,,,,,,,,,,,,,,,,,,,,,,,,,,,,,,,,,,,,,
DETERGENT POWDER,,,,,,,,,,,,,,,,,,,,,,,,,,,,,,,,,,,,,,,
BISCUIT,BISCUIT,COOKING OIL,COOKING OIL,COOKING OIL,TEA POWDER,DETERGENT POWDER,DETERGENT POWDER,TEA POWDER,DISHWASH BAR,TOOTH PASTE,,,,,,,,,,,,,,,,,,,,,,,,,,,,,
COOKING OIL,,,,,,,,,,,,,,,,,,,,,,,,,,,,,,,,,,,,,,,
DETERGENT POWDER,DETERGENT POWDER,,,,,,,,,,,,,,,,,,,,,,,,,,,,,,,,,,,,,,
BATHING SOAP,TOOTH BRUSH,,,,,,,,,,,,,,,,,,,,,,,,,,,,,,,,,,,,,,
COOKING OIL,TOOTH PASTE,DETERGENT POWDER,SALT,BATHING SOAP,DISHWASH BAR,WASHING BAR,,,,,,,,,,,,,,,,,,,,,,,,,,,,,,,,,
CHOCOLATE,CHOCOLATE,SALT,DETERGENT POWDER,DISHWASH BAR,WASHING BAR,,,,,,,,,,,,,,,,,,,,,,,,,,,,,,,,,,
CHOCOLATE,BISCUIT,TEA POWDER,,,,,,,,,,,,,,,,,,,,,,,,,,,,,,,,,,,,,
WASHING BAR,,,,,,,,,,,,,,,,,,,,,,,,,,,,,,,,,,,,,,,
BISCUIT,,,,,,,,,,,,,,,,,,,,,,,,,,,,,,,,,,,,,,,
SHAMPOO,BISCUIT,BISCUIT,,,,,,,,,,,,,,,,,,,,,,,,,,,,,,,,,,,,,
BISCUIT,DETERGENT POWDER,DISHWASH BAR,CHOCOLATE,CHOCOLATE,WASHING BAR,TOOTH BRUSH,DETERGENT POWDER,BISCUIT,BISCUIT,BISCUIT,WASHING BAR,BISCUIT,,,,,,,,,,,,,,,,,,,,,,,,,,,
DETERGENT POWDER,COFFEE,,,,,,,,,,,,,,,,,,,,,,,,,,,,,,,,,,,,,,
TEA POWDER,DISHWASH LIQUID,BISCUIT,BISCUIT,COOKING OIL,FACE WASH,TOOTH PASTE,TOOTH PASTE,SALT,DISHWASH LIQUID,SALT,TOOTH BRUSH,TOOTH BRUSH,WASHING BAR,,,,,,,,,,,,,,,,,,,,,,,,,,
BISCUIT,,,,,,,,,,,,,,,,,,,,,,,,,,,,,,,,,,,,,,,
CHOCOLATE,,,,,,,,,,,,,,,,,,,,,,,,,,,,,,,,,,,,,,,
DETERGENT POWDER,COFFEE,BATHING SOAP,BISCUIT,DISHWASH BAR,,,,,,,,,,,,,,,,,,,,,,,,,,,,,,,,,,,
DISHWASH LIQUID,DISHWASH BAR,,,,,,,,,,,,,,,,,,,,,,,,,,,,,,,,,,,,,,
BISCUIT,BATHING SOAP,BATHING SOAP,TEA POWDER,,,,,,,,,,,,,,,,,,,,,,,,,,,,,,,,,,,,
WASHING BAR,COOKING OIL,BISCUIT,CHOCOLATE,CHOCOLATE,,,,,,,,,,,,,,,,,,,,,,,,,,,,,,,,,,,
BISCUIT,BISCUIT,BISCUIT,,,,,,,,,,,,,,,,,,,,,,,,,,,,,,,,,,,,,
BISCUIT,,,,,,,,,,,,,,,,,,,,,,,,,,,,,,,,,,,,,,,
TEA POWDER,COFFEE,,,,,,,,,,,,,,,,,,,,,,,,,,,,,,,,,,,,,,
TEA POWDER,SANDWICH CAKE,FACE WASH,KETCHUP,SHAMPOO,TEA POWDER,,,,,,,,,,,,,,,,,,,,,,,,,,,,,,,,,,
BISCUIT,BISCUIT,BISCUIT,DISHWASH BAR,,,,,,,,,,,,,,,,,,,,,,,,,,,,,,,,,,,,
BATHING SOAP,,,,,,,,,,,,,,,,,,,,,,,,,,,,,,,,,,,,,,,
CHOCOLATE,SALT,BOURNVITA,COOKING OIL,COOKING OIL,COOKING OIL,PAPAD,TOOTH PASTE,KETCHUP,DISHWASH LIQUID,DETERGENT POWDER,DETERGENT POWDER,WASHING BAR,DETERGENT POWDER,,,,,,,,,,,,,,,,,,,,,,,,,,
BISCUIT,BISCUIT,BISCUIT,BISCUIT,WASHING BAR,,,,,,,,,,,,,,,,,,,,,,,,,,,,,,,,,,,
BISCUIT,BISCUIT,BISCUIT,,,,,,,,,,,,,,,,,,,,,,,,,,,,,,,,,,,,,
BISCUIT,,,,,,,,,,,,,,,,,,,,,,,,,,,,,,,,,,,,,,,
PAPAD,SHAMPOO,SHAMPOO,,,,,,,,,,,,,,,,,,,,,,,,,,,,,,,,,,,,,
TOOTH PASTE,COFFEE,,,,,,,,,,,,,,,,,,,,,,,,,,,,,,,,,,,,,,
NOODLES,KETCHUP,TEA POWDER,,,,,,,,,,,,,,,,,,,,,,,,,,,,,,,,,,,,,
BATHING SOAP,BATHING SOAP,TEA POWDER,BATHING SOAP,DISHWASH BAR,,,,,,,,,,,,,,,,,,,,,,,,,,,,,,,,,,,
COOKING OIL,,,,,,,,,,,,,,,,,,,,,,,,,,,,,,,,,,,,,,,
BATHING SOAP,DETERGENT POWDER,DISHWASH BAR,BISCUIT,BATHING SOAP,FACE CREAM,BISCUIT,TOOTH PASTE,,,,,,,,,,,,,,,,,,,,,,,,,,,,,,,,
BISCUIT,COFFEE,DISHWASH BAR,BISCUIT,,,,,,,,,,,,,,,,,,,,,,,,,,,,,,,,,,,,
CHOCOLATE,CHOCOLATE,BISCUIT,,,,,,,,,,,,,,,,,,,,,,,,,,,,,,,,,,,,,
BISCUIT,BISCUIT,BISCUIT,CHOCOLATE,BISCUIT,CHOCOLATE,,,,,,,,,,,,,,,,,,,,,,,,,,,,,,,,,,
TEA POWDER,HAIR OIL,BISCUIT,,,,,,,,,,,,,,,,,,,,,,,,,,,,,,,,,,,,,
TEA POWDER,,,,,,,,,,,,,,,,,,,,,,,,,,,,,,,,,,,,,,,
BISCUIT,BISCUIT,DISHWASH BAR,,,,,,,,,,,,,,,,,,,,,,,,,,,,,,,,,,,,,
CHOCOLATE,CHOCOLATE,,,,,,,,,,,,,,,,,,,,,,,,,,,,,,,,,,,,,,
BISCUIT,,,,,,,,,,,,,,,,,,,,,,,,,,,,,,,,,,,,,,,
FACE WASH,COOKING OIL,BISCUIT,TEA POWDER,WASHING BAR,TOOTH PASTE,DETERGENT POWDER,,,,,,,,,,,,,,,,,,,,,,,,,,,,,,,,,
PAPAD,COFFEE,,,,,,,,,,,,,,,,,,,,,,,,,,,,,,,,,,,,,,
BISCUIT,TEA POWDER,SIMLY VEN,COFFEE,,,,,,,,,,,,,,,,,,,,,,,,,,,,,,,,,,,,
TEA POWDER,,,,,,,,,,,,,,,,,,,,,,,,,,,,,,,,,,,,,,,
BISCUIT,DETERGENT POWDER,,,,,,,,,,,,,,,,,,,,,,,,,,,,,,,,,,,,,,
BISCUIT,BATHING SOAP,WASHING BAR,BISCUIT,COOKING OIL,DETERGENT POWDER,WASHING BAR,DETERGENT POWDER,,,,,,,,,,,,,,,,,,,,,,,,,,,,,,,,
COOKING OIL,,,,,,,,,,,,,,,,,,,,,,,,,,,,,,,,,,,,,,,
SHAMPOO,,,,,,,,,,,,,,,,,,,,,,,,,,,,,,,,,,,,,,,
COOKING OIL,PASTA,JAM,FACE WASH,SHAMPOO,,,,,,,,,,,,,,,,,,,,,,,,,,,,,,,,,,,
CHOCOLATE,CHOCOLATE,HAIR OIL,BATHING SOAP,TEA POWDER,BISCUIT,DISHWASH BAR,SALT,DISHWASH LIQUID,,,,,,,,,,,,,,,,,,,,,,,,,,,,,,,
BATHING SOAP,BISCUIT,,,,,,,,,,,,,,,,,,,,,,,,,,,,,,,,,,,,,,
DETERGENT POWDER,TOOTH PASTE,SALT,COOKING OIL,COOKING OIL,COOKING OIL,BISCUIT,PAPAD,BISCUIT,WASHING BAR,COOKING OIL,BATHING SOAP,DISHWASH BAR,TEA POWDER,DETERGENT POWDER,BATHING SOAP,BATHING SOAP,,,,,,,,,,,,,,,,,,,,,,,
COOKING OIL,,,,,,,,,,,,,,,,,,,,,,,,,,,,,,,,,,,,,,,
CHOCOLATE,WASHING BAR,WASHING BAR,,,,,,,,,,,,,,,,,,,,,,,,,,,,,,,,,,,,,
BATHING SOAP,,,,,,,,,,,,,,,,,,,,,,,,,,,,,,,,,,,,,,,
WASHING BAR,TOOTH PASTE,DETERGENT POWDER,BISCUIT,,,,,,,,,,,,,,,,,,,,,,,,,,,,,,,,,,,,
DISHWASH BAR,,,,,,,,,,,,,,,,,,,,,,,,,,,,,,,,,,,,,,,
DETERGENT POWDER,DISHWASH BAR,WASHING BAR,,,,,,,,,,,,,,,,,,,,,,,,,,,,,,,,,,,,,
COOKING OIL,,,,,,,,,,,,,,,,,,,,,,,,,,,,,,,,,,,,,,,
WASHING BAR,TEA POWDER,SALT,WASHING BAR,WASHING BAR,WASHING BAR,BISCUIT,BATHING SOAP,DETERGENT POWDER,SALT,,,,,,,,,,,,,,,,,,,,,,,,,,,,,,
COOKING OIL,DETERGENT POWDER,WASHING BAR,,,,,,,,,,,,,,,,,,,,,,,,,,,,,,,,,,,,,
DISHWASH BAR,,,,,,,,,,,,,,,,,,,,,,,,,,,,,,,,,,,,,,,
BATHING SOAP,TOOTH PASTE,TOOTH PASTE,PASTA,KETCHUP,WASHING BAR,BATHING SOAP,,,,,,,,,,,,,,,,,,,,,,,,,,,,,,,,,
BATHING SOAP,BATHING SOAP,DETERGENT POWDER,,,,,,,,,,,,,,,,,,,,,,,,,,,,,,,,,,,,,
DETERGENT LIQUID,BISCUIT,BISCUIT,DETERGENT SHAMPOO,TOOTH BRUSH,,,,,,,,,,,,,,,,,,,,,,,,,,,,,,,,,,,
WASHING BAR,BATHING SOAP,COOKING OIL,,,,,,,,,,,,,,,,,,,,,,,,,,,,,,,,,,,,,
WASHING POWDER,BISCUIT,BISCUIT,BISCUIT,,,,,,,,,,,,,,,,,,,,,,,,,,,,,,,,,,,,
CHOCOLATE,SALT,CHOCOLATE,BISCUIT,WASHING BAR,BISCUIT,COOKING OIL,BISCUIT,WASHING BAR,DETERGENT POWDER,BATHING SOAP,,,,,,,,,,,,,,,,,,,,,,,,,,,,,
BISCUIT,BISCUIT,BISCUIT,,,,,,,,,,,,,,,,,,,,,,,,,,,,,,,,,,,,,
GOOD KNIGHT LIQUID,,,,,,,,,,,,,,,,,,,,,,,,,,,,,,,,,,,,,,,
TOOTH PASTE,,,,,,,,,,,,,,,,,,,,,,,,,,,,,,,,,,,,,,,
CHOCOLATE,,,,,,,,,,,,,,,,,,,,,,,,,,,,,,,,,,,,,,,
COOKING OIL,BATHING SOAP,WASHING BAR,,,,,,,,,,,,,,,,,,,,,,,,,,,,,,,,,,,,,
BISCUIT,BISCUIT,,,,,,,,,,,,,,,,,,,,,,,,,,,,,,,,,,,,,,
DETERGENT POWDER,WASHING BAR,,,,,,,,,,,,,,,,,,,,,,,,,,,,,,,,,,,,,,
COFFEE,,,,,,,,,,,,,,,,,,,,,,,,,,,,,,,,,,,,,,,
HAND WASH,,,,,,,,,,,,,,,,,,,,,,,,,,,,,,,,,,,,,,,
BISCUIT,CHOCOLATE,,,,,,,,,,,,,,,,,,,,,,,,,,,,,,,,,,,,,,
BATHING SOAP,WASHING BAR,BISCUIT,TOOTH PASTE,DISHWASH BAR,DISHWASH BAR,DETERGENT POWDER,,,,,,,,,,,,,,,,,,,,,,,,,,,,,,,,,
WASHING BAR,BISCUIT,,,,,,,,,,,,,,,,,,,,,,,,,,,,,,,,,,,,,,
BISCUIT,DETERGENT POWDER,WASHING BAR,WASHING BAR,WASHING BAR,SUGAR,BISCUIT,WASHING BAR,COOKING OIL,BATHING SOAP,BISCUIT,DISHWASH BAR,SALT,BATHING SOAP,DETERGENT POWDER,,,,,,,,,,,,,,,,,,,,,,,,,
CHOCOLATE,TOOTH PASTE,WASHING BAR,BATHING SOAP,DETERGENT POWDER,COFFEE,DETERGENT POWDER,,,,,,,,,,,,,,,,,,,,,,,,,,,,,,,,,
DETERGENT POWDER,DETERGENT POWDER,,,,,,,,,,,,,,,,,,,,,,,,,,,,,,,,,,,,,,
DETERGENT POWDER,,,,,,,,,,,,,,,,,,,,,,,,,,,,,,,,,,,,,,,
SANDWICH CAKE,SALT,BISCUIT,,,,,,,,,,,,,,,,,,,,,,,,,,,,,,,,,,,,,
BISCUIT,COOKING OIL,BISCUIT,PAPAD,HAIR OIL,,,,,,,,,,,,,,,,,,,,,,,,,,,,,,,,,,,
TEA POWDER,,,,,,,,,,,,,,,,,,,,,,,,,,,,,,,,,,,,,,,
TEA POWDER,WASHING BAR,SHAMOO,TOOTH PASTE,DISHWASH BAR,,,,,,,,,,,,,,,,,,,,,,,,,,,,,,,,,,,
BISCUIT,SALT,,,,,,,,,,,,,,,,,,,,,,,,,,,,,,,,,,,,,,
BISCUIT,SANDWICH CAKE,,,,,,,,,,,,,,,,,,,,,,,,,,,,,,,,,,,,,,
CHOCOLATE,BISCUIT,HAIR OIL,,,,,,,,,,,,,,,,,,,,,,,,,,,,,,,,,,,,,
WASHING BAR,DETERGENT POWDER,HAIR OIL,WASHING BAR,BATHING SOAP,BATHING SOAP,WASHING BAR,,,,,,,,,,,,,,,,,,,,,,,,,,,,,,,,,
SHAMPOO,BATHING SOAP,WASHING BAR,DISHWASH BAR,DETERGENT POWDER,PAPAD,,,,,,,,,,,,,,,,,,,,,,,,,,,,,,,,,,
TEA POWDER,,,,,,,,,,,,,,,,,,,,,,,,,,,,,,,,,,,,,,,
BISCUIT,,,,,,,,,,,,,,,,,,,,,,,,,,,,,,,,,,,,,,,
BATHING SOAP,BATHING SOAP,DISHWASH BAR,WASHING BAR,NOODLES,,,,,,,,,,,,,,,,,,,,,,,,,,,,,,,,,,,
BATHING SOAP,NOODLES,NOODLES,TOOTH PASTE,,,,,,,,,,,,,,,,,,,,,,,,,,,,,,,,,,,,
TEA POWDER,,,,,,,,,,,,,,,,,,,,,,,,,,,,,,,,,,,,,,,
SANDWICH CAKE,CHOCOLATE,,,,,,,,,,,,,,,,,,,,,,,,,,,,,,,,,,,,,,
NOODLES,TEA POWDER,DISHWASH BAR,TEA POWDER,DETERGENT POWDER,WASHING BAR,,,,,,,,,,,,,,,,,,,,,,,,,,,,,,,,,,
BATHING SOAP,,,,,,,,,,,,,,,,,,,,,,,,,,,,,,,,,,,,,,,
DETERGENT POWDER,,,,,,,,,,,,,,,,,,,,,,,,,,,,,,,,,,,,,,,
TOOTH PASTE,DISHWASH BAR,DETERGENT POWDER,TOOTH BRUSH,BATHING SOAP,,,,,,,,,,,,,,,,,,,,,,,,,,,,,,,,,,,
SALT,TEA POWDER,WASHING BAR,,,,,,,,,,,,,,,,,,,,,,,,,,,,,,,,,,,,,
DETERGENT POWDER,SALT,TEA POWDER,DISHWASH BAR,BATHING SOAP,WASHING BAR,DETERGENT POWDER,DISHWASH LIQUID,NOODLES,BISCUIT,COOKING OIL,TOOTH PASTE,TEA POWDER,BISCUIT,BATHING SOAP,BISCUIT,DETERGENT POWDER,,,,,,,,,,,,,,,,,,,,,,,
BISCUIT,,,,,,,,,,,,,,,,,,,,,,,,,,,,,,,,,,,,,,,
BISCUIT,,,,,,,,,,,,,,,,,,,,,,,,,,,,,,,,,,,,,,,
DETERGENT POWDER,DETERGENT POWDER,,,,,,,,,,,,,,,,,,,,,,,,,,,,,,,,,,,,,,
JAM,,,,,,,,,,,,,,,,,,,,,,,,,,,,,,,,,,,,,,,
BISCUIT,BISCUIT,SALT,,,,,,,,,,,,,,,,,,,,,,,,,,,,,,,,,,,,,
SALT,WASHING BAR,,,,,,,,,,,,,,,,,,,,,,,,,,,,,,,,,,,,,,
TOOTH PASTE,BISCUIT,BISCUIT,SALT,CHOCOLATE,BISCUIT,BISCUIT,TOOTH PASTE,WASHING BAR,SALT,DISHWASH BAR,BISCUIT,SALT,BATHING SOAP,WASHING BAR,DETERGENT POWDER,DISHWASH BAR,DETERGENT POWDER,BATHING SOAP,,,,,,,,,,,,,,,,,,,,,
DETERGENT POWDER,DETERGENT POWDER,DISHWASH BAR,,,,,,,,,,,,,,,,,,,,,,,,,,,,,,,,,,,,,
BATHING SOAP,BATHING SOAP,BATHING SOAP,,,,,,,,,,,,,,,,,,,,,,,,,,,,,,,,,,,,,
BATHING SOAP,,,,,,,,,,,,,,,,,,,,,,,,,,,,,,,,,,,,,,,
SUGAR,TEA POWDER,BATHING SOAP,SALT,WASHING BAR,COOKING OIL,TOOTH PASTE,DETERGENT POWDER,COOKING OIL,BISCUIT,BISCUIT,BISCUIT,,,,,,,,,,,,,,,,,,,,,,,,,,,,
BATHING SOAP,TEA POWDER,SUGAR,BISCUIT,,,,,,,,,,,,,,,,,,,,,,,,,,,,,,,,,,,,
DETERGENT POWDER,,,,,,,,,,,,,,,,,,,,,,,,,,,,,,,,,,,,,,,
COOKING OIL,,,,,,,,,,,,,,,,,,,,,,,,,,,,,,,,,,,,,,,
